<?xml version="1.0" encoding="utf-8" ?>
<dwsync>
<file name="echarts.common.min.js" server="122.114.23.218/tphongbaojingcai/" local="131030241330632586" remote="131164356600000000" Dst="0" />
<file name="jquery.easing.min.js" server="115.28.24.92/tpjingcai/" local="130028917321786229" remote="131211976200000000" Dst="0" />
<file name="jquery-2.1.1.min.js" server="115.28.24.92/tpjingcai/" local="130779505352034681" remote="131211976200000000" Dst="0" />
<file name="jQueryRotate.2.2.js" server="115.28.24.92/tpjingcai/" local="130028661794336428" remote="131211976200000000" Dst="0" />
<file name="jquery.form.js" server="115.28.24.92/tpjingcai/" local="131153863115600219" remote="131211976200000000" Dst="0" />
<file name="scroll.js" server="115.28.24.92/tpjingcai/" local="130322398560000000" remote="131211976200000000" Dst="0" />
<file name="select-ui.min.js" server="115.28.24.92/tpjingcai/" local="130692995368972477" remote="131211976200000000" Dst="0" />
<file name="echarts.common.min.js" server="115.28.24.92/tpjingcai/" local="131030241330632586" remote="131211976200000000" Dst="0" />
<file name="wScratchPad.js" server="115.28.24.92/tpjingcai/" local="130536696450544574" remote="131220322200000000" Dst="0" />
</dwsync>