{
 "uiConfig": {
  "numchild": 9,
  "height": 64.5,
  "width": 540.55
 },
 "imageArr": [
  "ruzhang_bg.png",
  "ruzhang_1.png",
  "ruzhang_yuan.png",
  "ruzhang_0.png",
  "ruzhang_dian.png",
  "ruzhang_btn1.png",
  "ruzhang_btn2.png",
  "ruzhang_bg_x.png",
  "kuang.png",
  "btn_2_down.png",
  "5yuan.png",
  "btn_2_up.png",
  "10yuan.png",
  "20yuan.png",
  "touxiang.png",
  "btn_d_2.png",
  "btn_d_1.png",
  "btn_d_jww.png",
  "btn_d_kf.png",
  "btn_d_yj.png",
  "btn_d_ewm.png"
 ],
 "list": [
  {
   "path": "btn_d_2.png",
   "bn": "normal",
   "c": [
    1,
    0,
    1,
    0,
    1,
    0,
    1,
    0
   ],
   "index": 0,
   "x": 0,
   "sy": 1,
   "n": "bettomBtn",
   "pn": "",
   "sky": 0,
   "type": "img_mc",
   "skx": 0,
   "sx": 1,
   "y": 1,
   "r": 0
  },
  {
   "path": "btn_d_1.png",
   "bn": "normal",
   "c": [
    1,
    0,
    1,
    0,
    1,
    0,
    1,
    0
   ],
   "index": 1,
   "x": 1,
   "sy": 1,
   "n": "jwwBG",
   "pn": "bntjww",
   "sky": 0,
   "type": "img_mc",
   "skx": 0,
   "sx": 1,
   "y": 1,
   "r": 0
  },
  {
   "path": "btn_d_jww.png",
   "bn": "normal",
   "c": [
    1,
    0,
    1,
    0,
    1,
    0,
    1,
    0
   ],
   "index": 2,
   "x": 0,
   "sy": 1,
   "n": "bntjww",
   "pn": "",
   "sky": 0,
   "type": "img_mc",
   "skx": 0,
   "sx": 1,
   "y": 1,
   "r": 0
  },
  {
   "path": "btn_d_1.png",
   "bn": "normal",
   "c": [
    1,
    0,
    1,
    0,
    1,
    0,
    1,
    0
   ],
   "index": 3,
   "x": 406,
   "sy": 1,
   "n": "kfBG",
   "pn": "bntkf",
   "sky": 0,
   "type": "img_mc",
   "skx": 0,
   "sx": 1,
   "y": 1,
   "r": 0
  },
  {
   "path": "btn_d_kf.png",
   "bn": "normal",
   "c": [
    1,
    0,
    1,
    0,
    1,
    0,
    1,
    0
   ],
   "index": 4,
   "x": 406,
   "sy": 1,
   "n": "bntkf",
   "pn": "",
   "sky": 0,
   "type": "img_mc",
   "skx": 0,
   "sx": 1,
   "y": 0,
   "r": 0
  },
  {
   "path": "btn_d_1.png",
   "bn": "normal",
   "c": [
    1,
    0,
    1,
    0,
    1,
    0,
    1,
    0
   ],
   "index": 5,
   "x": 136,
   "sy": 1,
   "n": "yjBG",
   "pn": "bntyj",
   "sky": 0,
   "type": "img_mc",
   "skx": 0,
   "sx": 1,
   "y": 1,
   "r": 0
  },
  {
   "path": "btn_d_yj.png",
   "bn": "normal",
   "c": [
    1,
    0,
    1,
    0,
    1,
    0,
    1,
    0
   ],
   "index": 6,
   "x": 136,
   "sy": 1,
   "n": "bntyj",
   "pn": "",
   "sky": 0,
   "type": "img_mc",
   "skx": 0,
   "sx": 1,
   "y": 1,
   "r": 0
  },
  {
   "path": "btn_d_1.png",
   "bn": "normal",
   "c": [
    1,
    0,
    1,
    0,
    1,
    0,
    1,
    0
   ],
   "index": 7,
   "x": 271,
   "sy": 1,
   "n": "ewmBG",
   "pn": "bntewm",
   "sky": 0,
   "type": "img_mc",
   "skx": 0,
   "sx": 1,
   "y": 1,
   "r": 0
  },
  {
   "path": "btn_d_ewm.png",
   "bn": "normal",
   "c": [
    1,
    0,
    1,
    0,
    1,
    0,
    1,
    0
   ],
   "index": 8,
   "x": 271,
   "sy": 1,
   "n": "bntewm",
   "pn": "",
   "sky": 0,
   "type": "img_mc",
   "skx": 0,
   "sx": 1,
   "y": 1,
   "r": 0
  }
 ],
 "version": 3
}