{
 "imageArr": [
  "kuang2.png",
  "shengyu.png",
  "btn_tr1.png",
  "btn_tr2.png",
  "gonggaolan.png",
  "btn_10a.png",
  "btn_5a.png",
  "btn_20a.png",
  "btn_5b.png",
  "btn_10b.png",
  "btn_20b.png",
  "btn_tx.png"
 ],
 "list": [
  {
   "path": "kuang2.png",
   "pn": "",
   "sky": 0,
   "skx": 0,
   "index": 0,
   "x": 0,
   "c": [
    1,
    0,
    1,
    0,
    1,
    0,
    1,
    0
   ],
   "sy": 1,
   "y": 701,
   "sx": 1,
   "type": "img_mc",
   "bn": "normal",
   "n": "gameUI",
   "r": 0
  },
  {
   "path": "shengyu.png",
   "pn": "",
   "sky": 0,
   "skx": 0,
   "index": 1,
   "x": 14,
   "c": [
    1,
    0,
    1,
    0,
    1,
    0,
    1,
    0
   ],
   "sy": 1,
   "y": 40,
   "sx": 1,
   "type": "img_mc",
   "bn": "normal",
   "n": "gameUI",
   "r": 0
  },
  {
   "path": "btn_tr1.png",
   "pn": "",
   "sky": 0,
   "skx": 0,
   "index": 2,
   "x": 413,
   "c": [
    1,
    0,
    1,
    0,
    1,
    0,
    1,
    0
   ],
   "sy": 1,
   "y": 49,
   "sx": 1,
   "type": "img_mc",
   "bn": "normal",
   "n": "rulesBnt",
   "r": 0
  },
  {
   "path": "btn_tr2.png",
   "pn": "",
   "sky": 0,
   "skx": 0,
   "index": 3,
   "x": 477,
   "c": [
    1,
    0,
    1,
    0,
    1,
    0,
    1,
    0
   ],
   "sy": 1,
   "y": 49,
   "sx": 1,
   "type": "img_mc",
   "bn": "normal",
   "n": "skillBnt",
   "r": 0
  },
  {
   "path": "gonggaolan.png",
   "pn": "",
   "sky": 0,
   "skx": 0,
   "index": 4,
   "x": 0,
   "c": [
    1,
    0,
    1,
    0,
    1,
    0,
    1,
    0
   ],
   "sy": 1,
   "y": 666,
   "sx": 1,
   "type": "img_mc",
   "bn": "normal",
   "n": "gameUI",
   "r": 0
  },
  {
   "path": "btn_10a.png",
   "pn": "",
   "sky": 0,
   "skx": 0,
   "index": 5,
   "x": 143,
   "c": [
    1,
    0,
    1,
    0,
    1,
    0,
    1,
    0
   ],
   "sy": 1,
   "y": 727,
   "sx": 1,
   "type": "img_mc",
   "bn": "normal",
   "n": "bnt1000MC",
   "r": 0
  },
  {
   "path": "btn_5a.png",
   "pn": "",
   "sky": 0,
   "skx": 0,
   "index": 6,
   "x": 38,
   "c": [
    1,
    0,
    1,
    0,
    1,
    0,
    1,
    0
   ],
   "sy": 1,
   "y": 727,
   "sx": 1,
   "type": "img_mc",
   "bn": "normal",
   "n": "bnt100MC",
   "r": 0
  },
  {
   "path": "btn_20a.png",
   "pn": "",
   "sky": 0,
   "skx": 0,
   "index": 7,
   "x": 249,
   "c": [
    1,
    0,
    1,
    0,
    1,
    0,
    1,
    0
   ],
   "sy": 1,
   "y": 727,
   "sx": 1,
   "type": "img_mc",
   "bn": "normal",
   "n": "bnt10000MC",
   "r": 0
  },
  {
   "path": "btn_5b.png",
   "pn": "",
   "sky": 0,
   "skx": 0,
   "index": 8,
   "x": 31,
   "c": [
    1,
    0,
    1,
    0,
    1,
    0,
    1,
    0
   ],
   "sy": 1,
   "y": 719,
   "sx": 1,
   "type": "img_mc",
   "bn": "normal",
   "n": "btnBig5",
   "r": 0
  },
  {
   "path": "btn_10b.png",
   "pn": "",
   "sky": 0,
   "skx": 0,
   "index": 9,
   "x": 136,
   "c": [
    1,
    0,
    1,
    0,
    1,
    0,
    1,
    0
   ],
   "sy": 1,
   "y": 719,
   "sx": 1,
   "type": "img_mc",
   "bn": "normal",
   "n": "btnBig10",
   "r": 0
  },
  {
   "path": "btn_20b.png",
   "pn": "",
   "sky": 0,
   "skx": 0,
   "index": 10,
   "x": 241,
   "c": [
    1,
    0,
    1,
    0,
    1,
    0,
    1,
    0
   ],
   "sy": 1,
   "y": 718,
   "sx": 1,
   "type": "img_mc",
   "bn": "normal",
   "n": "btnBig20",
   "r": 0
  },
  {
   "path": "btn_tx.png",
   "pn": "",
   "sky": 0,
   "skx": 0,
   "index": 11,
   "x": 22,
   "c": [
    1,
    0,
    1,
    0,
    1,
    0,
    1,
    0
   ],
   "sy": 1,
   "y": 105,
   "sx": 1,
   "type": "img_mc",
   "bn": "normal",
   "n": "pushBnt",
   "r": 0
  }
 ],
 "version": 3,
 "uiConfig": {
  "height": 838.05,
  "numchild": 12,
  "width": 540
 }
}