{
 "imageArr": [
  "zq_bg_zj.png",
  "zq_btn2.png",
  "zq_zjjl_1.png",
  "zq_btn1.png",
  "zq_yj_1.png",
  "zq_jl_di.png",
  "zq_yj_di.png",
  "updateText.png"
 ],
 "uiConfig": {
  "numchild": 12,
  "height": 878,
  "width": 540
 },
 "list": [
  {
   "path": "zq_bg_zj.png",
   "sky": 0,
   "skx": 0,
   "index": 0,
   "bn": "normal",
   "x": 0,
   "c": [
    1,
    0,
    1,
    0,
    1,
    0,
    1,
    0
   ],
   "n": "bg",
   "y": 0,
   "sx": 1,
   "type": "img_mc",
   "r": 0,
   "sy": 1,
   "pn": ""
  },
  {
   "path": "zq_btn2.png",
   "sky": 0,
   "skx": 0,
   "index": 1,
   "bn": "normal",
   "x": 40,
   "c": [
    1,
    0,
    1,
    0,
    1,
    0,
    1,
    0
   ],
   "n": "btnWin2",
   "y": 106,
   "sx": 1,
   "type": "img_mc",
   "r": 0,
   "sy": 1,
   "pn": ""
  },
  {
   "path": "zq_zjjl_1.png",
   "sky": 0,
   "skx": 0,
   "index": 2,
   "bn": "normal",
   "x": 85,
   "c": [
    1,
    0,
    1,
    0,
    1,
    0,
    1,
    0
   ],
   "n": "btnWin2",
   "y": 131,
   "sx": 1,
   "type": "img_mc",
   "r": 0,
   "sy": 1,
   "pn": ""
  },
  {
   "path": "zq_btn1.png",
   "sky": 0,
   "skx": 0,
   "index": 3,
   "bn": "normal",
   "x": 40,
   "c": [
    1,
    0,
    1,
    0,
    1,
    0,
    1,
    0
   ],
   "n": "btnWin1",
   "y": 106,
   "sx": 1,
   "type": "img_mc",
   "r": 0,
   "sy": 1,
   "pn": ""
  },
  {
   "path": "zq_zjjl_1.png",
   "sky": 0,
   "skx": 0,
   "index": 4,
   "bn": "normal",
   "x": 85,
   "c": [
    1,
    0,
    1,
    0,
    1,
    0,
    1,
    0
   ],
   "n": "zText1",
   "y": 126,
   "sx": 1,
   "type": "img_mc",
   "r": 0,
   "sy": 1,
   "pn": "btnWin1"
  },
  {
   "path": "zq_btn2.png",
   "sky": 0,
   "skx": 0,
   "index": 5,
   "bn": "normal",
   "x": 289,
   "c": [
    1,
    0,
    1,
    0,
    1,
    0,
    1,
    0
   ],
   "n": "btnMony2",
   "y": 106,
   "sx": 1,
   "type": "img_mc",
   "r": 0,
   "sy": 1,
   "pn": ""
  },
  {
   "path": "zq_yj_1.png",
   "sky": 0,
   "skx": 0,
   "index": 6,
   "bn": "normal",
   "x": 334,
   "c": [
    1,
    0,
    1,
    0,
    1,
    0,
    1,
    0
   ],
   "n": "btnMony2",
   "y": 131,
   "sx": 1,
   "type": "img_mc",
   "r": 0,
   "sy": 1,
   "pn": ""
  },
  {
   "path": "zq_btn1.png",
   "sky": 0,
   "skx": 0,
   "index": 7,
   "bn": "normal",
   "x": 289,
   "c": [
    1,
    0,
    1,
    0,
    1,
    0,
    1,
    0
   ],
   "n": "btnMony1",
   "y": 106,
   "sx": 1,
   "type": "img_mc",
   "r": 0,
   "sy": 1,
   "pn": ""
  },
  {
   "path": "zq_yj_1.png",
   "sky": 0,
   "skx": 0,
   "index": 8,
   "bn": "normal",
   "x": 334,
   "c": [
    1,
    0,
    1,
    0,
    1,
    0,
    1,
    0
   ],
   "n": "yText1",
   "y": 126,
   "sx": 1,
   "type": "img_mc",
   "r": 0,
   "sy": 1,
   "pn": "btnMony1"
  },
  {
   "path": "zq_jl_di.png",
   "sky": 0,
   "skx": 0,
   "index": 9,
   "bn": "normal",
   "x": 26,
   "c": [
    1,
    0,
    1,
    0,
    1,
    0,
    1,
    0
   ],
   "n": "bg_con1",
   "y": 217,
   "sx": 1,
   "type": "img_mc",
   "r": 0,
   "sy": 1,
   "pn": ""
  },
  {
   "path": "zq_yj_di.png",
   "sky": 0,
   "skx": 0,
   "index": 10,
   "bn": "normal",
   "x": 26,
   "c": [
    1,
    0,
    1,
    0,
    1,
    0,
    1,
    0
   ],
   "n": "bg_con2",
   "y": 217,
   "sx": 1,
   "type": "img_mc",
   "r": 0,
   "sy": 1,
   "pn": ""
  },
  {
   "path": "updateText.png",
   "sky": 0,
   "skx": 0,
   "index": 11,
   "bn": "normal",
   "x": 0,
   "c": [
    1,
    0,
    1,
    0,
    1,
    0,
    1,
    0
   ],
   "n": "MoneyWnd",
   "y": 0,
   "sx": 0.43,
   "type": "img_mc",
   "r": 0,
   "sy": 1,
   "pn": ""
  }
 ],
 "version": 3
}