{
 "imageArr": [
  "cz_bg.png",
  "cz_btn_5.png",
  "cz_btn_10.png",
  "cz_btn_20.png",
  "cz_btn_50.png",
  "cz_btn_100.png",
  "cz_btn_200.png",
  "2vmx.png"
 ],
 "uiConfig": {
  "height": 726,
  "numchild": 8,
  "width": 540
 },
 "list": [
  {
   "path": "cz_bg.png",
   "sy": 1,
   "pn": "",
   "index": 0,
   "x": 0,
   "c": [
    1,
    0,
    1,
    0,
    1,
    0,
    1,
    0
   ],
   "n": "RechargeWnd",
   "y": 0,
   "skx": 0,
   "type": "img_mc",
   "sky": 0,
   "sx": 1,
   "r": 0,
   "bn": "normal"
  },
  {
   "path": "cz_btn_5.png",
   "sy": 1,
   "pn": "",
   "index": 1,
   "x": 45,
   "c": [
    1,
    0,
    1,
    0,
    1,
    0,
    1,
    0
   ],
   "n": "btnPay5",
   "y": 109,
   "skx": 0,
   "type": "img_mc",
   "sky": 0,
   "sx": 1,
   "r": 0,
   "bn": "normal"
  },
  {
   "path": "cz_btn_10.png",
   "sy": 1,
   "pn": "",
   "index": 2,
   "x": 280,
   "c": [
    1,
    0,
    1,
    0,
    1,
    0,
    1,
    0
   ],
   "n": "btnPay10",
   "y": 109,
   "skx": 0,
   "type": "img_mc",
   "sky": 0,
   "sx": 1,
   "r": 0,
   "bn": "normal"
  },
  {
   "path": "cz_btn_20.png",
   "sy": 1,
   "pn": "",
   "index": 3,
   "x": 45,
   "c": [
    1,
    0,
    1,
    0,
    1,
    0,
    1,
    0
   ],
   "n": "btnPay20",
   "y": 271,
   "skx": 0,
   "type": "img_mc",
   "sky": 0,
   "sx": 1,
   "r": 0,
   "bn": "normal"
  },
  {
   "path": "cz_btn_50.png",
   "sy": 1,
   "pn": "",
   "index": 4,
   "x": 280,
   "c": [
    1,
    0,
    1,
    0,
    1,
    0,
    1,
    0
   ],
   "n": "btnPay50",
   "y": 271,
   "skx": 0,
   "type": "img_mc",
   "sky": 0,
   "sx": 1,
   "r": 0,
   "bn": "normal"
  },
  {
   "path": "cz_btn_100.png",
   "sy": 1,
   "pn": "",
   "index": 5,
   "x": 45,
   "c": [
    1,
    0,
    1,
    0,
    1,
    0,
    1,
    0
   ],
   "n": "btnPay100",
   "y": 435,
   "skx": 0,
   "type": "img_mc",
   "sky": 0,
   "sx": 1,
   "r": 0,
   "bn": "normal"
  },
  {
   "path": "cz_btn_200.png",
   "sy": 1,
   "pn": "",
   "index": 6,
   "x": 280,
   "c": [
    1,
    0,
    1,
    0,
    1,
    0,
    1,
    0
   ],
   "n": "btnPay200",
   "y": 435,
   "skx": 0,
   "type": "img_mc",
   "sky": 0,
   "sx": 1,
   "r": 0,
   "bn": "normal"
  },
  {
   "path": "2vmx.png",
   "sy": 1,
   "pn": "",
   "index": 7,
   "x": 466,
   "c": [
    1,
    0,
    1,
    0,
    1,
    0,
    1,
    0
   ],
   "n": "btnClose",
   "y": 18,
   "skx": 0,
   "type": "img_mc",
   "sky": 0,
   "sx": 1,
   "r": 0,
   "bn": "normal"
  }
 ],
 "version": 3
}