{"mcConfig":{"ver":4,"totalFrames":5},"imageArr":["btn_1_up.png","btn_1_down.png"],"frames":[{"eventStr":"","index":1,"list":[[0,"normal",0,1,1,-90,-56.5,0,0,"1.00","btnStart"]]},{"eventStr":"","index":2,"list":[[0,"normal",0,1,1,-90,-56.5,0,0,"1.00","btnStart"]]},{"eventStr":"","index":3,"list":[[1,"normal",0,1,1,-90,-56.5,0,0,"1.00","btnStart"]]},{"eventStr":"","index":4,"list":[[1,"normal",0,1,1,-90,-56.5,0,0,"1.00","btnStart"]]},{"eventStr":"","index":5,"list":[[0,"normal",0,1,1,-90,-56.5,0,0,"1.00","btnStart"]]}]}