{"mcConfig":{"totalFrames":13,"ver":4},"imageArr":["shengzi.png","jia_2a.png"],"frames":[{"list":[[0,"normal",0,1,1,-8.5,-603.5,0,0,"1.00",""],[1,"normal",5,1,1,-78.5,70,4.99,4.99,"1.00",""]],"index":1,"eventStr":""},{"list":[[0,"normal",0,1,1,-8.5,-603.5,0,0,"1.00",""],[1,"normal",0,1,1,-79.5,77,0,0,"1.00",""]],"index":2,"eventStr":""},{"list":[[0,"normal",0,1,1,-8.5,-603.5,0,0,"1.00",""],[1,"normal",-5,1,1,-80,84,-5.01,-5.01,"1.00",""]],"index":3,"eventStr":""},{"list":[[0,"normal",0,1,1,-8.5,-603.5,0,0,"1.00",""],[1,"normal",-10,1,1,-79.8,91,-10.01,-10.01,"1.00",""]],"index":4,"eventStr":""},{"list":[[0,"normal",0,1,1,-8.5,-603.5,0,0,"1.00",""],[1,"normal",-2.5,1,1,-79.8,80.5,-2.51,-2.51,"1.00",""]],"index":5,"eventStr":""},{"list":[[0,"normal",0,1,1,-8.5,-603.5,0,0,"1.00",""],[1,"normal",5,1,1,-78.5,70,4.98,4.98,"1.00",""]],"index":6,"eventStr":""},{"list":[[0,"normal",0,1,1,-8.5,-603.5,0,0,"1.00",""],[1,"normal",0.3,1,1,-79.5,76.5,0.3,0.3,"1.00",""]],"index":7,"eventStr":""},{"list":[[0,"normal",0,1,1,-8.5,-603.5,0,0,"1.00",""],[1,"normal",-4.1,1,1,-80,82.5,-4.07,-4.07,"1.00",""]],"index":8,"eventStr":""},{"list":[[0,"normal",0,1,1,-8.5,-603.5,0,0,"1.00",""],[1,"normal",0,1,1,-79.5,77,-0.02,-0.02,"1.00",""]],"index":9,"eventStr":""},{"list":[[0,"normal",0,1,1,-8.5,-603.5,0,0,"1.00",""],[1,"normal",3.9,1,1,-78.8,71.5,3.9,3.9,"1.00",""]],"index":10,"eventStr":""},{"list":[[0,"normal",0,1,1,-8.5,-603.5,0,0,"1.00",""],[1,"normal",1.8,1,1,-79.3,74.5,1.8,1.8,"1.00",""]],"index":11,"eventStr":""},{"list":[[0,"normal",0,1,1,-8.5,-603.5,0,0,"1.00",""],[1,"normal",0,1,1,-79.5,77,0,0,"1.00",""]],"index":12,"eventStr":""},{"list":[[0,"normal",0,1,1,-8.5,-603.5,0,0,"1.00",""],[1,"normal",0,1,1,-79.5,77,0,0,"1.00",""]],"index":13,"eventStr":""}]}