{"frames":[{"eventStr":"","list":[[0,"normal",0,1,1,-9,-841.8,0,0,"1.00","clipMC1_3"],[1,"normal",8.2,1,1,-77.3,-181,8.19,8.19,"1.00",""]],"index":1},{"eventStr":"","list":[[0,"normal",0,1,1,-9,-841.8,0,0,"1.00","clipMC1_3"],[1,"normal",3.3,1,1,-78,-174.3,3.3,3.3,"1.00",""]],"index":2},{"eventStr":"","list":[[0,"normal",0,1,1,-9,-841.8,0,0,"1.00","clipMC1_3"],[1,"normal",-1.3,1,1,-78.8,-168,-1.26,-1.26,"1.00",""]],"index":3},{"eventStr":"","list":[[0,"normal",0,1,1,-9,-841.8,0,0,"1.00","clipMC1_3"],[1,"normal",-6,1,1,-78.8,-161.5,-6.02,-6.02,"1.00",""]],"index":4},{"eventStr":"","list":[[0,"normal",0,1,1,-9,-841.8,0,0,"1.00","clipMC1_3"],[1,"normal",-10.8,1,1,-78.3,-155,-10.77,-10.77,"1.00",""]],"index":5},{"eventStr":"","list":[[0,"normal",0,1,1,-9,-841.8,0,0,"1.00","clipMC1_3"],[1,"normal",-15.6,1,1,-79,-147.5,-15.56,-15.56,"1.00",""]],"index":6},{"eventStr":"","list":[[0,"normal",0,1,1,-9,-841.8,0,0,"1.00","clipMC1_3"],[1,"normal",-10.8,1,1,-80,-154.3,-10.77,-10.77,"1.00",""]],"index":7},{"eventStr":"","list":[[0,"normal",0,1,1,-9,-841.8,0,0,"1.00","clipMC1_3"],[1,"normal",-6,1,1,-80,-161,-6.02,-6.02,"1.00",""]],"index":8},{"eventStr":"","list":[[0,"normal",0,1,1,-9,-841.8,0,0,"1.00","clipMC1_3"],[1,"normal",-1.3,1,1,-80,-167.8,-1.27,-1.27,"1.00",""]],"index":9},{"eventStr":"","list":[[0,"normal",0,1,1,-9,-841.8,0,0,"1.00","clipMC1_3"],[1,"normal",3.3,1,1,-79,-174.3,3.3,3.3,"1.00",""]],"index":10},{"eventStr":"","list":[[0,"normal",0,1,1,-9,-841.8,0,0,"1.00","clipMC1_3"],[1,"normal",8.2,1,1,-77.3,-181,8.19,8.19,"1.00",""]],"index":11}],"imageArr":["shengzi.png","jia_1a.png"],"mcConfig":{"totalFrames":11,"ver":4}}