{"mcConfig":{"totalFrames":20,"ver":4},"imageArr":["shengzi.png","jia_3a.png"],"frames":[{"list":[[0,"normal",0,1,1,-8.5,-854.8,0,0,"1.00","clipMC3_2"],[1,"normal",8.2,1,1,-77.8,-181,8.19,8.19,"1.00",""]],"index":1,"eventStr":""},{"list":[[0,"normal",0,1,1,-8.5,-854.8,0,0,"1.00","clipMC3_2"],[1,"normal",5.8,1,1,-78.3,-177.8,5.77,5.77,"1.00",""]],"index":2,"eventStr":""},{"list":[[0,"normal",0,1,1,-8.5,-854.8,0,0,"1.00","clipMC3_2"],[1,"normal",3.3,1,1,-78.8,-174.3,3.3,3.3,"1.00",""]],"index":3,"eventStr":""},{"list":[[0,"normal",0,1,1,-8.5,-854.8,0,0,"1.00","clipMC3_2"],[1,"normal",1,1,1,-79.3,-171.3,1.02,1.02,"1.00",""]],"index":4,"eventStr":""},{"list":[[0,"normal",0,1,1,-8.5,-854.8,0,0,"1.00","clipMC3_2"],[1,"normal",-1.3,1,1,-79.5,-168,-1.26,-1.26,"1.00",""]],"index":5,"eventStr":""},{"list":[[0,"normal",0,1,1,-8.5,-854.8,0,0,"1.00","clipMC3_2"],[1,"normal",-3.5,1,1,-79.5,-164.8,-3.55,-3.55,"1.00",""]],"index":6,"eventStr":""},{"list":[[0,"normal",0,1,1,-8.5,-854.8,0,0,"1.00","clipMC3_2"],[1,"normal",-6,1,1,-79.5,-161.3,-6.02,-6.02,"1.00",""]],"index":7,"eventStr":""},{"list":[[0,"normal",0,1,1,-8.5,-854.8,0,0,"1.00","clipMC3_2"],[1,"normal",-8.3,1,1,-79.3,-158,-8.3,-8.3,"1.00",""]],"index":8,"eventStr":""},{"list":[[0,"normal",0,1,1,-8.5,-854.8,0,0,"1.00","clipMC3_2"],[1,"normal",-10.8,1,1,-79,-154.5,-10.77,-10.77,"1.00",""]],"index":9,"eventStr":""},{"list":[[0,"normal",0,1,1,-8.5,-854.8,0,0,"1.00","clipMC3_2"],[1,"normal",-13.1,1,1,-78.5,-151,-13.05,-13.05,"1.00",""]],"index":10,"eventStr":""},{"list":[[0,"normal",0,1,1,-8.5,-854.8,0,0,"1.00","clipMC3_2"],[1,"normal",-15.6,1,1,-78,-147.5,-15.56,-15.56,"1.00",""]],"index":11,"eventStr":""},{"list":[[0,"normal",0,1,1,-8.5,-854.8,0,0,"1.00","clipMC3_2"],[1,"normal",-12.8,1,1,-78.8,-151.5,-12.8,-12.8,"1.00",""]],"index":12,"eventStr":""},{"list":[[0,"normal",0,1,1,-8.5,-854.8,0,0,"1.00","clipMC3_2"],[1,"normal",-10.3,1,1,-79.5,-155.3,-10.26,-10.26,"1.00",""]],"index":13,"eventStr":""},{"list":[[0,"normal",0,1,1,-8.5,-854.8,0,0,"1.00","clipMC3_2"],[1,"normal",-7.5,1,1,-79.8,-159.3,-7.54,-7.54,"1.00",""]],"index":14,"eventStr":""},{"list":[[0,"normal",0,1,1,-8.5,-854.8,0,0,"1.00","clipMC3_2"],[1,"normal",-5,1,1,-80,-162.8,-5,-5,"1.00",""]],"index":15,"eventStr":""},{"list":[[0,"normal",0,1,1,-8.5,-854.8,0,0,"1.00","clipMC3_2"],[1,"normal",-2.3,1,1,-80,-166.5,-2.28,-2.28,"1.00",""]],"index":16,"eventStr":""},{"list":[[0,"normal",0,1,1,-8.5,-854.8,0,0,"1.00","clipMC3_2"],[1,"normal",0.3,1,1,-80,-170,0.26,0.26,"1.00",""]],"index":17,"eventStr":""},{"list":[[0,"normal",0,1,1,-8.5,-854.8,0,0,"1.00","clipMC3_2"],[1,"normal",2.8,1,1,-79.8,-173.5,2.79,2.79,"1.00",""]],"index":18,"eventStr":""},{"list":[[0,"normal",0,1,1,-8.5,-854.8,0,0,"1.00","clipMC3_2"],[1,"normal",5.5,1,1,-79.3,-177.3,5.51,5.51,"1.00",""]],"index":19,"eventStr":""},{"list":[[0,"normal",0,1,1,-8.5,-854.8,0,0,"1.00","clipMC3_2"],[1,"normal",8.2,1,1,-78.8,-181,8.19,8.19,"1.00",""]],"index":20,"eventStr":""}]}