{"imageArr":["loading_zi1.png"],"frames":[{"eventStr":"","list":[[0,"normal",0,1,1,-126.5,-11.5,0,0,"1.00",""]],"index":1},{"eventStr":"","list":[[0,"normal",0,1,1,-126.5,-11.8,0,0,"1.00",""]],"index":2},{"eventStr":"","list":[[0,"normal",0,1,1,-126.5,-12.3,0,0,"1.00",""]],"index":3},{"eventStr":"","list":[[0,"normal",0,1,1,-126.5,-12.5,0,0,"1.00",""]],"index":4},{"eventStr":"","list":[[0,"normal",0,1,1,-126.5,-13,0,0,"1.00",""]],"index":5},{"eventStr":"","list":[[0,"normal",0,1,1,-126.5,-13.3,0,0,"1.00",""]],"index":6},{"eventStr":"","list":[[0,"normal",0,1,1,-126.5,-13.5,0,0,"1.00",""]],"index":7},{"eventStr":"","list":[[0,"normal",0,1,1,-126.5,-14,0,0,"1.00",""]],"index":8},{"eventStr":"","list":[[0,"normal",0,1,1,-126.5,-14.3,0,0,"1.00",""]],"index":9},{"eventStr":"","list":[[0,"normal",0,1,1,-126.5,-14.8,0,0,"1.00",""]],"index":10},{"eventStr":"","list":[[0,"normal",0,1,1,-126.5,-15,0,0,"1.00",""]],"index":11},{"eventStr":"","list":[[0,"normal",0,1,1,-126.5,-15.3,0,0,"1.00",""]],"index":12},{"eventStr":"","list":[[0,"normal",0,1,1,-126.5,-15.8,0,0,"1.00",""]],"index":13},{"eventStr":"","list":[[0,"normal",0,1,1,-126.5,-16,0,0,"1.00",""]],"index":14},{"eventStr":"","list":[[0,"normal",0,1,1,-126.5,-16.5,0,0,"1.00",""]],"index":15},{"eventStr":"","list":[[0,"normal",0,1,1,-126.5,-16.8,0,0,"1.00",""]],"index":16},{"eventStr":"","list":[[0,"normal",0,1,1,-126.5,-17,0,0,"1.00",""]],"index":17},{"eventStr":"","list":[[0,"normal",0,1,1,-126.5,-17.5,0,0,"1.00",""]],"index":18},{"eventStr":"","list":[[0,"normal",0,1,1,-126.5,-17.8,0,0,"1.00",""]],"index":19},{"eventStr":"","list":[[0,"normal",0,1,1,-126.5,-18.3,0,0,"1.00",""]],"index":20},{"eventStr":"","list":[[0,"normal",0,1,1,-126.5,-18.5,0,0,"1.00",""]],"index":21},{"eventStr":"","list":[[0,"normal",0,1,1,-126.5,-18.3,0,0,"1.00",""]],"index":22},{"eventStr":"","list":[[0,"normal",0,1,1,-126.5,-17.8,0,0,"1.00",""]],"index":23},{"eventStr":"","list":[[0,"normal",0,1,1,-126.5,-17.5,0,0,"1.00",""]],"index":24},{"eventStr":"","list":[[0,"normal",0,1,1,-126.5,-17.3,0,0,"1.00",""]],"index":25},{"eventStr":"","list":[[0,"normal",0,1,1,-126.5,-16.8,0,0,"1.00",""]],"index":26},{"eventStr":"","list":[[0,"normal",0,1,1,-126.5,-16.5,0,0,"1.00",""]],"index":27},{"eventStr":"","list":[[0,"normal",0,1,1,-126.5,-16.3,0,0,"1.00",""]],"index":28},{"eventStr":"","list":[[0,"normal",0,1,1,-126.5,-15.8,0,0,"1.00",""]],"index":29},{"eventStr":"","list":[[0,"normal",0,1,1,-126.5,-15.5,0,0,"1.00",""]],"index":30},{"eventStr":"","list":[[0,"normal",0,1,1,-126.5,-15.3,0,0,"1.00",""]],"index":31},{"eventStr":"","list":[[0,"normal",0,1,1,-126.5,-14.8,0,0,"1.00",""]],"index":32},{"eventStr":"","list":[[0,"normal",0,1,1,-126.5,-14.5,0,0,"1.00",""]],"index":33},{"eventStr":"","list":[[0,"normal",0,1,1,-126.5,-14.3,0,0,"1.00",""]],"index":34},{"eventStr":"","list":[[0,"normal",0,1,1,-126.5,-13.8,0,0,"1.00",""]],"index":35},{"eventStr":"","list":[[0,"normal",0,1,1,-126.5,-13.5,0,0,"1.00",""]],"index":36},{"eventStr":"","list":[[0,"normal",0,1,1,-126.5,-13.3,0,0,"1.00",""]],"index":37},{"eventStr":"","list":[[0,"normal",0,1,1,-126.5,-12.8,0,0,"1.00",""]],"index":38},{"eventStr":"","list":[[0,"normal",0,1,1,-126.5,-12.5,0,0,"1.00",""]],"index":39},{"eventStr":"","list":[[0,"normal",0,1,1,-126.5,-12.3,0,0,"1.00",""]],"index":40},{"eventStr":"","list":[[0,"normal",0,1,1,-126.5,-11.8,0,0,"1.00",""]],"index":41},{"eventStr":"","list":[[0,"normal",0,1,1,-126.5,-11.5,0,0,"1.00",""]],"index":42}],"mcConfig":{"totalFrames":42,"ver":4}}