{"mcConfig":{"totalFrames":35,"ver":4},"imageArr":["dikuang.png","yuan.png","loading.png"],"frames":[{"list":[[0,"normal",0,1,1,-81.5,-40,0,0,"1.00"],[1,"normal",0,1,1,-34.8,10.3,0,0,"1.00"],[1,"normal",0,1,1,-21.5,10.3,0,0,"1.00"],[1,"normal",0,1,1,-8.3,10.3,0,0,"1.00"],[1,"normal",0,1,1,5,10.3,0,0,"1.00"],[1,"normal",0,1,1,18.3,10.3,0,0,"1.00"],[2,"normal",0,1,1,-47.3,-20.3,0,0,"1.00"]],"index":1,"eventStr":""},{"list":[[0,"normal",0,1,1,-81.5,-40,0,0,"1.00"],[1,"normal",0,1,1,-36.3,8.5,0,0,"1.00"],[1,"normal",0,1,1,-21.5,10.3,0,0,"1.00"],[1,"normal",0,1,1,-8.3,10.3,0,0,"1.00"],[1,"normal",0,1,1,5,10.3,0,0,"1.00"],[1,"normal",0,1,1,18.3,10.3,0,0,"1.00"],[2,"normal",0,1,1,-47.3,-20.3,0,0,"1.00"]],"index":2,"eventStr":""},{"list":[[0,"normal",0,1,1,-81.5,-40,0,0,"1.00"],[1,"normal",0,1,1,-37.8,7,0,0,"1.00"],[1,"normal",0,1,1,-21.5,10.3,0,0,"1.00"],[1,"normal",0,1,1,-8.3,10.3,0,0,"1.00"],[1,"normal",0,1,1,5,10.3,0,0,"1.00"],[1,"normal",0,1,1,18.3,10.3,0,0,"1.00"],[2,"normal",0,1,1,-47.3,-20.3,0,0,"1.00"]],"index":3,"eventStr":""},{"list":[[0,"normal",0,1,1,-81.5,-40,0,0,"1.00"],[1,"normal",0,1,1,-39.5,5.3,0,0,"1.00"],[1,"normal",0,1,1,-21.5,10.3,0,0,"1.00"],[1,"normal",0,1,1,-8.3,10.3,0,0,"1.00"],[1,"normal",0,1,1,5,10.3,0,0,"1.00"],[1,"normal",0,1,1,18.3,10.3,0,0,"1.00"],[2,"normal",0,1,1,-47.3,-20.3,0,0,"1.00"]],"index":4,"eventStr":""},{"list":[[0,"normal",0,1,1,-81.5,-40,0,0,"1.00"],[1,"normal",0,1,1,-41,3.5,0,0,"1.00"],[1,"normal",0,1,1,-21.5,10.3,0,0,"1.00"],[1,"normal",0,1,1,-8.3,10.3,0,0,"1.00"],[1,"normal",0,1,1,5,10.3,0,0,"1.00"],[1,"normal",0,1,1,18.3,10.3,0,0,"1.00"],[2,"normal",0,1,1,-47.3,-20.3,0,0,"1.00"]],"index":5,"eventStr":""},{"list":[[0,"normal",0,1,1,-81.5,-40,0,0,"1.00"],[1,"normal",0,1,1,-42.8,1.8,0,0,"1.00"],[1,"normal",0,1,1,-21.5,10.3,0,0,"1.00"],[1,"normal",0,1,1,-8.3,10.3,0,0,"1.00"],[1,"normal",0,1,1,5,10.3,0,0,"1.00"],[1,"normal",0,1,1,18.3,10.3,0,0,"1.00"],[2,"normal",0,1,1,-47.3,-20.3,0,0,"1.00"]],"index":6,"eventStr":""},{"list":[[0,"normal",0,1,1,-81.5,-40,0,0,"1.00"],[1,"normal",0,1,1,-38.3,4.5,0,0,"1.00"],[1,"normal",0,1,1,-21.5,10.3,0,0,"1.00"],[1,"normal",0,1,1,-8.3,10.3,0,0,"1.00"],[1,"normal",0,1,1,5,10.3,0,0,"1.00"],[1,"normal",0,1,1,18.3,10.3,0,0,"1.00"],[2,"normal",0,1,1,-47.3,-20.3,0,0,"1.00"]],"index":7,"eventStr":""},{"list":[[0,"normal",0,1,1,-81.5,-40,0,0,"1.00"],[1,"normal",0,1,1,-33.8,7.5,0,0,"1.00"],[1,"normal",0,1,1,-21.5,10.3,0,0,"1.00"],[1,"normal",0,1,1,-8.3,10.3,0,0,"1.00"],[1,"normal",0,1,1,5,10.3,0,0,"1.00"],[1,"normal",0,1,1,18.3,10.3,0,0,"1.00"],[2,"normal",0,1,1,-47.3,-20.3,0,0,"1.00"]],"index":8,"eventStr":""},{"list":[[0,"normal",0,1,1,-81.5,-40,0,0,"1.00"],[1,"normal",0,1,1,-29.5,10.3,0,0,"1.00"],[1,"normal",0,1,1,-21.5,10.3,0,0,"0.50"],[1,"normal",0,1,1,-8.3,10.3,0,0,"1.00"],[1,"normal",0,1,1,5,10.3,0,0,"1.00"],[1,"normal",0,1,1,18.3,10.3,0,0,"1.00"],[2,"normal",0,1,1,-47.3,-20.3,0,0,"1.00"]],"index":9,"eventStr":""},{"list":[[0,"normal",0,1,1,-81.5,-40,0,0,"1.00"],[1,"normal",0,1,1,-29.5,10.3,0,0,"1.00"],[1,"normal",0,1,1,-18.8,10.3,0,0,"0.75"],[1,"normal",0,1,1,-8.3,10.3,0,0,"1.00"],[1,"normal",0,1,1,5,10.3,0,0,"1.00"],[1,"normal",0,1,1,18.3,10.3,0,0,"1.00"],[2,"normal",0,1,1,-47.3,-20.3,0,0,"1.00"]],"index":10,"eventStr":""},{"list":[[0,"normal",0,1,1,-81.5,-40,0,0,"1.00"],[1,"normal",0,1,1,-29.5,10.3,0,0,"1.00"],[1,"normal",0,1,1,-16.3,10.3,0,0,"1.00"],[1,"normal",0,1,1,-8.3,10.3,0,0,"1.00"],[1,"normal",0,1,1,5,10.3,0,0,"1.00"],[1,"normal",0,1,1,18.3,10.3,0,0,"1.00"],[2,"normal",0,1,1,-47.3,-20.3,0,0,"1.00"]],"index":11,"eventStr":""},{"list":[[0,"normal",0,1,1,-81.5,-40,0,0,"1.00"],[1,"normal",0,1,1,-29.5,10.3,0,0,"1.00"],[1,"normal",0,1,1,-16.3,10.3,0,0,"1.00"],[1,"normal",0,1,1,-8.3,10.3,0,0,"0.50"],[1,"normal",0,1,1,5,10.3,0,0,"1.00"],[1,"normal",0,1,1,18.3,10.3,0,0,"1.00"],[2,"normal",0,1,1,-47.3,-20.3,0,0,"1.00"]],"index":12,"eventStr":""},{"list":[[0,"normal",0,1,1,-81.5,-40,0,0,"1.00"],[1,"normal",0,1,1,-29.5,10.3,0,0,"1.00"],[1,"normal",0,1,1,-16.3,10.3,0,0,"1.00"],[1,"normal",0,1,1,-5.5,10.3,0,0,"0.75"],[1,"normal",0,1,1,5,10.3,0,0,"1.00"],[1,"normal",0,1,1,18.3,10.3,0,0,"1.00"],[2,"normal",0,1,1,-47.3,-20.3,0,0,"1.00"]],"index":13,"eventStr":""},{"list":[[0,"normal",0,1,1,-81.5,-40,0,0,"1.00"],[1,"normal",0,1,1,-29.5,10.3,0,0,"1.00"],[1,"normal",0,1,1,-16.3,10.3,0,0,"1.00"],[1,"normal",0,1,1,-3,10.3,0,0,"1.00"],[1,"normal",0,1,1,5,10.3,0,0,"0.50"],[1,"normal",0,1,1,18.3,10.3,0,0,"1.00"],[2,"normal",0,1,1,-47.3,-20.3,0,0,"1.00"]],"index":14,"eventStr":""},{"list":[[0,"normal",0,1,1,-81.5,-40,0,0,"1.00"],[1,"normal",0,1,1,-29.5,10.3,0,0,"1.00"],[1,"normal",0,1,1,-16.3,10.3,0,0,"1.00"],[1,"normal",0,1,1,-3,10.3,0,0,"1.00"],[1,"normal",0,1,1,7.8,10.3,0,0,"0.75"],[1,"normal",0,1,1,18.3,10.3,0,0,"1.00"],[2,"normal",0,1,1,-47.3,-20.3,0,0,"1.00"]],"index":15,"eventStr":""},{"list":[[0,"normal",0,1,1,-81.5,-40,0,0,"1.00"],[1,"normal",0,1,1,-29.5,10.3,0,0,"1.00"],[1,"normal",0,1,1,-16.3,10.3,0,0,"1.00"],[1,"normal",0,1,1,-3,10.3,0,0,"1.00"],[1,"normal",0,1,1,10.3,10.3,0,0,"1.00"],[1,"normal",0,1,1,18.3,10.3,0,0,"0.50"],[2,"normal",0,1,1,-47.3,-20.3,0,0,"1.00"]],"index":16,"eventStr":""},{"list":[[0,"normal",0,1,1,-81.5,-40,0,0,"1.00"],[1,"normal",0,1,1,-29.5,10.3,0,0,"1.00"],[1,"normal",0,1,1,-16.3,10.3,0,0,"1.00"],[1,"normal",0,1,1,-3,10.3,0,0,"1.00"],[1,"normal",0,1,1,10.3,10.3,0,0,"1.00"],[1,"normal",0,1,1,20.8,10.3,0,0,"0.75"],[2,"normal",0,1,1,-47.3,-20.3,0,0,"1.00"]],"index":17,"eventStr":""},{"list":[[0,"normal",0,1,1,-81.5,-40,0,0,"1.00"],[1,"normal",0,1,1,-29.5,10.3,0,0,"1.00"],[1,"normal",0,1,1,-16.3,10.3,0,0,"1.00"],[1,"normal",0,1,1,-3,10.3,0,0,"1.00"],[1,"normal",0,1,1,10.3,10.3,0,0,"1.00"],[1,"normal",0,1,1,23,10.3,0,0,"1.00"],[2,"normal",0,1,1,-47.3,-20.3,0,0,"1.00"]],"index":18,"eventStr":""},{"list":[[0,"normal",0,1,1,-81.5,-40,0,0,"1.00"],[1,"normal",0,1,1,-29.5,10.3,0,0,"1.00"],[1,"normal",0,1,1,-16.3,10.3,0,0,"1.00"],[1,"normal",0,1,1,-3,10.3,0,0,"1.00"],[1,"normal",0,1,1,10.3,10.3,0,0,"1.00"],[1,"normal",0,1,1,24.3,9,0,0,"1.00"],[2,"normal",0,1,1,-47.3,-20.3,0,0,"1.00"]],"index":19,"eventStr":""},{"list":[[0,"normal",0,1,1,-81.5,-40,0,0,"1.00"],[1,"normal",0,1,1,-29.5,10.3,0,0,"1.00"],[1,"normal",0,1,1,-16.3,10.3,0,0,"1.00"],[1,"normal",0,1,1,-3,10.3,0,0,"1.00"],[1,"normal",0,1,1,10.3,10.3,0,0,"1.00"],[1,"normal",0,1,1,25.8,7.5,0,0,"1.00"],[2,"normal",0,1,1,-47.3,-20.3,0,0,"1.00"]],"index":20,"eventStr":""},{"list":[[0,"normal",0,1,1,-81.5,-40,0,0,"1.00"],[1,"normal",0,1,1,-29.5,10.3,0,0,"1.00"],[1,"normal",0,1,1,-16.3,10.3,0,0,"1.00"],[1,"normal",0,1,1,-3,10.3,0,0,"1.00"],[1,"normal",0,1,1,10.3,10.3,0,0,"1.00"],[1,"normal",0,1,1,27.3,6,0,0,"1.00"],[2,"normal",0,1,1,-47.3,-20.3,0,0,"1.00"]],"index":21,"eventStr":""},{"list":[[0,"normal",0,1,1,-81.5,-40,0,0,"1.00"],[1,"normal",0,1,1,-29.5,10.3,0,0,"1.00"],[1,"normal",0,1,1,-16.3,10.3,0,0,"1.00"],[1,"normal",0,1,1,-3,10.3,0,0,"1.00"],[1,"normal",0,1,1,10.3,10.3,0,0,"1.00"],[1,"normal",0,1,1,28.5,4.5,0,0,"1.00"],[2,"normal",0,1,1,-47.3,-20.3,0,0,"1.00"]],"index":22,"eventStr":""},{"list":[[0,"normal",0,1,1,-81.5,-40,0,0,"1.00"],[1,"normal",0,1,1,-29.5,10.3,0,0,"1.00"],[1,"normal",0,1,1,-16.3,10.3,0,0,"1.00"],[1,"normal",0,1,1,-3,10.3,0,0,"1.00"],[1,"normal",0,1,1,10.3,10.3,0,0,"1.00"],[1,"normal",0,1,1,30,3.3,0,0,"1.00"],[2,"normal",0,1,1,-47.3,-20.3,0,0,"1.00"]],"index":23,"eventStr":""},{"list":[[0,"normal",0,1,1,-81.5,-40,0,0,"1.00"],[1,"normal",0,1,1,-29.5,10.3,0,0,"1.00"],[1,"normal",0,1,1,-16.3,10.3,0,0,"1.00"],[1,"normal",0,1,1,-3,10.3,0,0,"1.00"],[1,"normal",0,1,1,10.3,10.3,0,0,"1.00"],[1,"normal",0,1,1,31.3,1.8,0,0,"1.00"],[2,"normal",0,1,1,-47.3,-20.3,0,0,"1.00"]],"index":24,"eventStr":""},{"list":[[0,"normal",0,1,1,-81.5,-40,0,0,"1.00"],[1,"normal",0,1,1,-29.5,10.3,0,0,"1.00"],[1,"normal",0,1,1,-16.3,10.3,0,0,"1.00"],[1,"normal",0,1,1,-3,10.3,0,0,"1.00"],[1,"normal",0,1,1,10.3,10.3,0,0,"1.00"],[1,"normal",0,1,1,27,4.5,0,0,"1.00"],[2,"normal",0,1,1,-47.3,-20.3,0,0,"1.00"]],"index":25,"eventStr":""},{"list":[[0,"normal",0,1,1,-81.5,-40,0,0,"1.00"],[1,"normal",0,1,1,-29.5,10.3,0,0,"1.00"],[1,"normal",0,1,1,-16.3,10.3,0,0,"1.00"],[1,"normal",0,1,1,-3,10.3,0,0,"1.00"],[1,"normal",0,1,1,10.3,10.3,0,0,"1.00"],[1,"normal",0,1,1,22.5,7.5,0,0,"1.00"],[2,"normal",0,1,1,-47.3,-20.3,0,0,"1.00"]],"index":26,"eventStr":""},{"list":[[0,"normal",0,1,1,-81.5,-40,0,0,"1.00"],[1,"normal",0,1,1,-29.5,10.3,0,0,"1.00"],[1,"normal",0,1,1,-16.3,10.3,0,0,"1.00"],[1,"normal",0,1,1,-3,10.3,0,0,"1.00"],[1,"normal",0,1,1,10.3,10.3,0,0,"0.50"],[1,"normal",0,1,1,18.3,10.3,0,0,"1.00"],[2,"normal",0,1,1,-47.3,-20.3,0,0,"1.00"]],"index":27,"eventStr":""},{"list":[[0,"normal",0,1,1,-81.5,-40,0,0,"1.00"],[1,"normal",0,1,1,-29.5,10.3,0,0,"1.00"],[1,"normal",0,1,1,-16.3,10.3,0,0,"1.00"],[1,"normal",0,1,1,-3,10.3,0,0,"1.00"],[1,"normal",0,1,1,7.8,10.3,0,0,"0.75"],[1,"normal",0,1,1,18.3,10.3,0,0,"1.00"],[2,"normal",0,1,1,-47.3,-20.3,0,0,"1.00"]],"index":28,"eventStr":""},{"list":[[0,"normal",0,1,1,-81.5,-40,0,0,"1.00"],[1,"normal",0,1,1,-29.5,10.3,0,0,"1.00"],[1,"normal",0,1,1,-16.3,10.3,0,0,"1.00"],[1,"normal",0,1,1,-3,10.3,0,0,"0.50"],[1,"normal",0,1,1,5,10.3,0,0,"1.00"],[1,"normal",0,1,1,18.3,10.3,0,0,"1.00"],[2,"normal",0,1,1,-47.3,-20.3,0,0,"1.00"]],"index":29,"eventStr":""},{"list":[[0,"normal",0,1,1,-81.5,-40,0,0,"1.00"],[1,"normal",0,1,1,-29.5,10.3,0,0,"1.00"],[1,"normal",0,1,1,-16.3,10.3,0,0,"1.00"],[1,"normal",0,1,1,-5.5,10.3,0,0,"0.75"],[1,"normal",0,1,1,5,10.3,0,0,"1.00"],[1,"normal",0,1,1,18.3,10.3,0,0,"1.00"],[2,"normal",0,1,1,-47.3,-20.3,0,0,"1.00"]],"index":30,"eventStr":""},{"list":[[0,"normal",0,1,1,-81.5,-40,0,0,"1.00"],[1,"normal",0,1,1,-29.5,10.3,0,0,"1.00"],[1,"normal",0,1,1,-16.3,10.3,0,0,"0.50"],[1,"normal",0,1,1,-8.3,10.3,0,0,"1.00"],[1,"normal",0,1,1,5,10.3,0,0,"1.00"],[1,"normal",0,1,1,18.3,10.3,0,0,"1.00"],[2,"normal",0,1,1,-47.3,-20.3,0,0,"1.00"]],"index":31,"eventStr":""},{"list":[[0,"normal",0,1,1,-81.5,-40,0,0,"1.00"],[1,"normal",0,1,1,-29.5,10.3,0,0,"1.00"],[1,"normal",0,1,1,-18.8,10.3,0,0,"0.75"],[1,"normal",0,1,1,-8.3,10.3,0,0,"1.00"],[1,"normal",0,1,1,5,10.3,0,0,"1.00"],[1,"normal",0,1,1,18.3,10.3,0,0,"1.00"],[2,"normal",0,1,1,-47.3,-20.3,0,0,"1.00"]],"index":32,"eventStr":""},{"list":[[0,"normal",0,1,1,-81.5,-40,0,0,"1.00"],[1,"normal",0,1,1,-29.5,10.3,0,0,"0.50"],[1,"normal",0,1,1,-21.5,10.3,0,0,"1.00"],[1,"normal",0,1,1,-8.3,10.3,0,0,"1.00"],[1,"normal",0,1,1,5,10.3,0,0,"1.00"],[1,"normal",0,1,1,18.3,10.3,0,0,"1.00"],[2,"normal",0,1,1,-47.3,-20.3,0,0,"1.00"]],"index":33,"eventStr":""},{"list":[[0,"normal",0,1,1,-81.5,-40,0,0,"1.00"],[1,"normal",0,1,1,-32,10.3,0,0,"0.75"],[1,"normal",0,1,1,-21.5,10.3,0,0,"1.00"],[1,"normal",0,1,1,-8.3,10.3,0,0,"1.00"],[1,"normal",0,1,1,5,10.3,0,0,"1.00"],[1,"normal",0,1,1,18.3,10.3,0,0,"1.00"],[2,"normal",0,1,1,-47.3,-20.3,0,0,"1.00"]],"index":34,"eventStr":""},{"list":[[0,"normal",0,1,1,-81.5,-40,0,0,"1.00"],[1,"normal",0,1,1,-34.8,10.3,0,0,"1.00"],[1,"normal",0,1,1,-21.5,10.3,0,0,"1.00"],[1,"normal",0,1,1,-8.3,10.3,0,0,"1.00"],[1,"normal",0,1,1,5,10.3,0,0,"1.00"],[1,"normal",0,1,1,18.3,10.3,0,0,"1.00"],[2,"normal",0,1,1,-47.3,-20.3,0,0,"1.00"]],"index":35,"eventStr":""}]}