{"frames":[{"eventStr":"","list":[[0,"normal",135,1,1,1.8,5.3,135,135,"1.00",""],[1,"normal",10,1,1,-68.8,-152.8,9.95,9.95,"1.00","ww"],[2,"normal",10,1,1,-68.8,-152.8,9.95,9.95,"1.00","ww"],[3,"normal",10.8,1,1,-67.3,-153.5,10.79,10.79,"1.00",""],[4,"normal",-5,1,1,-102.8,-165.5,-4.96,-4.96,"1.00",""]],"index":1},{"eventStr":"","list":[[0,"normal",128.1,1,1,9,1,128.12,128.12,"1.00",""],[1,"normal",7.8,1,1,-68.5,-150.8,7.78,7.78,"1.00","ww"],[2,"normal",7.8,1,1,-68.5,-150.8,7.78,7.78,"1.00","ww"],[3,"normal",8.3,1,1,-67.8,-151.3,8.31,8.31,"1.00",""],[4,"normal",-7.8,1,1,-103.5,-161.3,-7.81,-7.81,"1.00",""]],"index":2},{"eventStr":"","list":[[0,"normal",121.3,1,1,16,-3.5,121.34,121.34,"1.00",""],[1,"normal",5.8,1,1,-68.3,-148.5,5.76,5.76,"1.00","ww"],[2,"normal",5.8,1,1,-68.3,-148.5,5.76,5.76,"1.00","ww"],[3,"normal",6.1,1,1,-67.8,-149.3,6.05,6.05,"1.00",""],[4,"normal",-10.8,1,1,-104,-156.3,-10.81,-10.81,"1.00",""]],"index":3},{"eventStr":"","list":[[0,"normal",114.6,1,1,22.5,-7.8,114.55,114.55,"1.00",""],[1,"normal",3.5,1,1,-68,-146.3,3.55,3.55,"1.00","ww"],[2,"normal",3.5,1,1,-68,-146.3,3.55,3.55,"1.00","ww"],[3,"normal",3.8,1,1,-67.8,-147,3.78,3.78,"1.00",""],[4,"normal",-13.8,1,1,-104.5,-151.3,-13.81,-13.81,"1.00",""]],"index":4},{"eventStr":"","list":[[0,"normal",107.8,1,1,28.8,-11.8,107.78,107.78,"1.00",""],[1,"normal",1.5,1,1,-67.3,-144,1.52,1.52,"1.00","ww"],[2,"normal",1.5,1,1,-67.3,-144,1.52,1.52,"1.00","ww"],[3,"normal",1.5,1,1,-67.3,-144.5,1.52,1.52,"1.00",""],[4,"normal",-16.8,1,1,-104.5,-146,-16.82,-16.82,"1.00",""]],"index":5},{"eventStr":"","list":[[0,"normal",100.8,1,1,34.8,-16,100.82,100.82,"1.00",""],[1,"normal",-0.5,1,1,-66.8,-141.5,-0.5,-0.5,"1.00","ww"],[2,"normal",-0.5,1,1,-66.8,-141.5,-0.5,-0.5,"1.00","ww"],[3,"normal",-0.6,1,1,-66.8,-141.8,-0.55,-0.55,"1.00",""],[4,"normal",-19.8,1,1,-104.3,-140.8,-19.83,-19.83,"1.00",""]],"index":6},{"eventStr":"","list":[[0,"normal",94,1,1,40.3,-20.3,94.05,94.05,"1.00",""],[1,"normal",-2.5,1,1,-66.3,-139.3,-2.52,-2.52,"1.00","ww"],[2,"normal",-2.5,1,1,-66.3,-139.3,-2.52,-2.52,"1.00","ww"],[3,"normal",-3,1,1,-66.8,-139,-3,-3,"1.00",""],[4,"normal",-22.8,1,1,-104,-135.3,-22.83,-22.83,"1.00",""]],"index":7},{"eventStr":"","list":[[0,"normal",87.5,1,1,45.8,-24,87.47,87.47,"1.00",""],[1,"normal",-4.5,1,1,-65.3,-136.8,-4.55,-4.55,"1.00","ww"],[2,"normal",-4.5,1,1,-65.3,-136.8,-4.55,-4.55,"1.00","ww"],[3,"normal",-5.3,1,1,-66.3,-136,-5.27,-5.27,"1.00",""],[4,"normal",-25.8,1,1,-103,-129.5,-25.84,-25.84,"1.00",""]],"index":8},{"eventStr":"","list":[[0,"normal",80.7,1,1,50.5,-27.8,80.7,80.7,"1.00",""],[1,"normal",-6.8,1,1,-64.8,-134,-6.76,-6.76,"1.00","ww"],[2,"normal",-6.8,1,1,-64.8,-134,-6.76,-6.76,"1.00","ww"],[3,"normal",-7.5,1,1,-65.5,-133.3,-7.53,-7.53,"1.00",""],[4,"normal",-28.8,1,1,-102,-124,-28.85,-28.85,"1.00",""]],"index":9},{"eventStr":"","list":[[0,"normal",73.9,1,1,55,-31.3,73.93,73.93,"1.00",""],[1,"normal",-8.8,1,1,-63.5,-131.3,-8.78,-8.78,"1.00","ww"],[2,"normal",-8.8,1,1,-63.5,-131.3,-8.78,-8.78,"1.00","ww"],[3,"normal",-9.8,1,1,-64.8,-130.3,-9.8,-9.8,"1.00",""],[4,"normal",-31.9,1,1,-100.5,-118.3,-31.86,-31.86,"1.00",""]],"index":10},{"eventStr":"","list":[[0,"normal",67,1,1,59.5,-34.5,66.96,66.96,"1.00",""],[1,"normal",-11,1,1,-62.8,-128.5,-10.95,-10.95,"1.00","ww"],[2,"normal",-11,1,1,-62.8,-128.5,-10.95,-10.95,"1.00","ww"],[3,"normal",-12.2,1,1,-64.3,-126.8,-12.22,-12.22,"1.00",""],[4,"normal",-35,1,1,-99.3,-112.3,-34.96,-34.96,"1.00",""]],"index":11},{"eventStr":"","list":[[0,"normal",74.7,1,1,54.8,-30.8,74.68,74.68,"1.00",""],[1,"normal",-8.5,1,1,-63.8,-131.5,-8.54,-8.54,"1.00","ww"],[2,"normal",-8.5,1,1,-63.8,-131.5,-8.54,-8.54,"1.00","ww"],[3,"normal",-9.5,1,1,-64.8,-130.5,-9.55,-9.55,"1.00",""],[4,"normal",-31.6,1,1,-101,-118.8,-31.58,-31.58,"1.00",""]],"index":12},{"eventStr":"","list":[[0,"normal",82.2,1,1,49.5,-27,82.21,82.21,"1.00",""],[1,"normal",-6.3,1,1,-64.8,-134.8,-6.27,-6.27,"1.00","ww"],[2,"normal",-6.3,1,1,-64.8,-134.8,-6.27,-6.27,"1.00","ww"],[3,"normal",-7,1,1,-65.8,-133.8,-7.03,-7.03,"1.00",""],[4,"normal",-28.3,1,1,-102.3,-125,-28.3,-28.3,"1.00",""]],"index":13},{"eventStr":"","list":[[0,"normal",89.7,1,1,44,-22.8,89.72,89.72,"1.00",""],[1,"normal",-3.8,1,1,-65.5,-137.5,-3.81,-3.81,"1.00","ww"],[2,"normal",-3.8,1,1,-65.5,-137.5,-3.81,-3.81,"1.00","ww"],[3,"normal",-4.5,1,1,-66.5,-137,-4.51,-4.51,"1.00",""],[4,"normal",-24.8,1,1,-103.3,-131.5,-24.84,-24.84,"1.00",""]],"index":14},{"eventStr":"","list":[[0,"normal",97.1,1,1,38,-18.5,97.05,97.05,"1.00",""],[1,"normal",-1.5,1,1,-66.5,-140.3,-1.54,-1.54,"1.00","ww"],[2,"normal",-1.5,1,1,-66.5,-140.3,-1.54,-1.54,"1.00","ww"],[3,"normal",-1.8,1,1,-66.8,-140.5,-1.81,-1.81,"1.00",""],[4,"normal",-21.6,1,1,-104,-137.5,-21.56,-21.56,"1.00",""]],"index":15},{"eventStr":"","list":[[0,"normal",104.8,1,1,31.8,-13.8,104.77,104.77,"1.00",""],[1,"normal",0.5,1,1,-67.5,-142.8,0.54,0.54,"1.00","ww"],[2,"normal",0.5,1,1,-67.5,-142.8,0.54,0.54,"1.00","ww"],[3,"normal",0.5,1,1,-67.3,-143,0.51,0.51,"1.00",""],[4,"normal",-18.3,1,1,-104.5,-143.5,-18.28,-18.28,"1.00",""]],"index":16},{"eventStr":"","list":[[0,"normal",112.3,1,1,25,-9,112.29,112.29,"1.00",""],[1,"normal",2.8,1,1,-68,-145.5,2.81,2.81,"1.00","ww"],[2,"normal",2.8,1,1,-68,-145.5,2.81,2.81,"1.00","ww"],[3,"normal",3,1,1,-67.5,-145.8,3.03,3.03,"1.00",""],[4,"normal",-14.8,1,1,-104.5,-149.5,-14.82,-14.82,"1.00",""]],"index":17},{"eventStr":"","list":[[0,"normal",119.8,1,1,17.5,-4.3,119.83,119.83,"1.00",""],[1,"normal",5.3,1,1,-68.3,-148,5.27,5.27,"1.00","ww"],[2,"normal",5.3,1,1,-68.3,-148,5.27,5.27,"1.00","ww"],[3,"normal",5.5,1,1,-67.8,-148.8,5.55,5.55,"1.00",""],[4,"normal",-11.5,1,1,-104.3,-155,-11.54,-11.54,"1.00",""]],"index":18},{"eventStr":"","list":[[0,"normal",127.4,1,1,9.8,0.5,127.37,127.37,"1.00",""],[1,"normal",7.5,1,1,-68.8,-150.5,7.54,7.54,"1.00","ww"],[2,"normal",7.5,1,1,-68.8,-150.5,7.54,7.54,"1.00","ww"],[3,"normal",8.1,1,1,-68,-151,8.06,8.06,"1.00",""],[4,"normal",-8.3,1,1,-103.5,-160.5,-8.27,-8.27,"1.00",""]],"index":19},{"eventStr":"","list":[[0,"normal",135,1,1,1.8,5.3,135,135,"1.00",""],[1,"normal",10,1,1,-68.8,-152.8,9.95,9.95,"1.00","ww"],[2,"normal",10,1,1,-68.8,-152.8,9.95,9.95,"1.00","ww"],[3,"normal",10.8,1,1,-67.3,-153.5,10.79,10.79,"1.00",""],[4,"normal",-5,1,1,-102.8,-165.5,-4.96,-4.96,"1.00",""]],"index":20}],"imageArr":["wb.png","shen.png","lian3.png","lian.png","maozi_3.png"],"mcConfig":{"totalFrames":20,"ver":4}}