{"frames":[{"eventStr":"","list":[[0,"normal",180,1,1,1.3,29.5,180,180,"1.00",""],[1,"normal",26.2,1,1,-23.8,-144,26.19,26.19,"1.00",""],[2,"normal",25.8,1,1,-24.5,-144,25.79,25.79,"1.00",""]],"index":1},{"eventStr":"","list":[[0,"normal",180,1,1,1.3,29.5,180,180,"1.00",""],[1,"normal",26.2,1,1,-23.8,-144,26.19,26.19,"1.00",""],[2,"normal",25.8,1,1,-24.5,-144,25.79,25.79,"1.00",""]],"index":2},{"eventStr":"","list":[[0,"normal",180,1,1,1.3,29.5,180,180,"1.00",""],[1,"normal",26.2,1,1,-23.8,-144,26.19,26.19,"1.00",""],[2,"normal",25.8,1,1,-24.5,-144,25.79,25.79,"1.00",""]],"index":3},{"eventStr":"","list":[[0,"normal",180,1,1,1.3,29.5,180,180,"1.00",""],[1,"normal",26.2,1,1,-23.8,-144,26.19,26.19,"1.00",""],[2,"normal",25.8,1,1,-24.5,-144,25.79,25.79,"1.00",""]],"index":4}],"imageArr":["wb.png","shen.png","lian.png"],"mcConfig":{"totalFrames":4,"ver":4}}