{"frames":[{"eventStr":"","list":[[0,"normal",165,1,1,-5.3,17.3,165,165,"1.00",""],[1,"normal",10,1,1,-68.8,-152.8,9.95,9.95,"1.00","ww"],[2,"normal",10,1,1,-68.8,-152.8,9.95,9.95,"1.00","ww"],[3,"normal",10.8,1,1,-67.3,-153.5,10.79,10.79,"1.00",""],[4,"normal",-5,1,1,-102.8,-165.5,-4.96,-4.96,"1.00",""]],"index":1},{"eventStr":"","list":[[0,"normal",140.9,1,1,14.5,5.8,140.92,140.92,"1.00",""],[1,"normal",5.8,1,1,-68.3,-148.5,5.76,5.76,"1.00","ww"],[2,"normal",5.8,1,1,-68.3,-148.5,5.76,5.76,"1.00","ww"],[3,"normal",6.1,1,1,-67.8,-149.3,6.05,6.05,"1.00",""],[4,"normal",-10.8,1,1,-104,-156.3,-10.81,-10.81,"1.00",""]],"index":2},{"eventStr":"","list":[[0,"normal",116.8,1,1,29.5,-7.8,116.85,116.85,"1.00",""],[1,"normal",1.5,1,1,-67.3,-144,1.52,1.52,"1.00","ww"],[2,"normal",1.5,1,1,-67.3,-144,1.52,1.52,"1.00","ww"],[3,"normal",1.5,1,1,-67.3,-144.5,1.52,1.52,"1.00",""],[4,"normal",-16.8,1,1,-104.5,-146,-16.82,-16.82,"1.00",""]],"index":3},{"eventStr":"","list":[[0,"normal",92.8,1,1,40,-20.8,92.81,92.81,"1.00",""],[1,"normal",-2.5,1,1,-66.3,-139.3,-2.52,-2.52,"1.00","ww"],[2,"normal",-2.5,1,1,-66.3,-139.3,-2.52,-2.52,"1.00","ww"],[3,"normal",-3,1,1,-66.8,-139,-3,-3,"1.00",""],[4,"normal",-22.8,1,1,-104,-135.3,-22.83,-22.83,"1.00",""]],"index":4},{"eventStr":"","list":[[0,"normal",69,1,1,46.8,-31.5,68.98,68.98,"1.00",""],[1,"normal",-6.8,1,1,-64.8,-134,-6.76,-6.76,"1.00","ww"],[2,"normal",-6.8,1,1,-64.8,-134,-6.76,-6.76,"1.00","ww"],[3,"normal",-7.5,1,1,-65.5,-133.3,-7.53,-7.53,"1.00",""],[4,"normal",-28.8,1,1,-102,-124,-28.85,-28.85,"1.00",""]],"index":5},{"eventStr":"","list":[[0,"normal",45,1,1,50.3,-38.8,45,45,"1.00",""],[1,"normal",-11,1,1,-62.8,-128.5,-10.95,-10.95,"1.00","ww"],[2,"normal",-11,1,1,-62.8,-128.5,-10.95,-10.95,"1.00","ww"],[3,"normal",-12.2,1,1,-64.3,-126.8,-12.22,-12.22,"1.00",""],[4,"normal",-35,1,1,-99.3,-112.3,-34.96,-34.96,"1.00",""]],"index":6},{"eventStr":"","list":[[0,"normal",69,1,1,46.8,-31.5,68.98,68.98,"1.00",""],[1,"normal",-6.8,1,1,-64.8,-134,-6.76,-6.76,"1.00","ww"],[2,"normal",-6.8,1,1,-64.8,-134,-6.76,-6.76,"1.00","ww"],[3,"normal",-7.5,1,1,-65.5,-133.3,-7.53,-7.53,"1.00",""],[4,"normal",-28.8,1,1,-102,-124,-28.85,-28.85,"1.00",""]],"index":7},{"eventStr":"","list":[[0,"normal",92.8,1,1,40,-20.5,92.81,92.81,"1.00",""],[1,"normal",-2.5,1,1,-66.3,-139.5,-2.52,-2.52,"1.00","ww"],[2,"normal",-2.5,1,1,-66.3,-139.5,-2.52,-2.52,"1.00","ww"],[3,"normal",-3,1,1,-66.8,-139,-3.01,-3.01,"1.00",""],[4,"normal",-22.8,1,1,-104,-135.3,-22.83,-22.83,"1.00",""]],"index":8},{"eventStr":"","list":[[0,"normal",116.9,1,1,29.5,-7.8,116.85,116.85,"1.00",""],[1,"normal",1.5,1,1,-67.5,-144,1.52,1.52,"1.00","ww"],[2,"normal",1.5,1,1,-67.5,-144,1.52,1.52,"1.00","ww"],[3,"normal",1.5,1,1,-67.5,-144.3,1.52,1.52,"1.00",""],[4,"normal",-16.8,1,1,-104.5,-146,-16.82,-16.82,"1.00",""]],"index":9},{"eventStr":"","list":[[0,"normal",140.9,1,1,14.5,5.8,140.92,140.92,"1.00",""],[1,"normal",5.8,1,1,-68.3,-148.5,5.76,5.76,"1.00","ww"],[2,"normal",5.8,1,1,-68.3,-148.5,5.76,5.76,"1.00","ww"],[3,"normal",6,1,1,-67.8,-149.3,6.05,6.05,"1.00",""],[4,"normal",-10.8,1,1,-104,-156.3,-10.81,-10.81,"1.00",""]],"index":10},{"eventStr":"","list":[[0,"normal",165,1,1,-5.3,17.3,165,165,"1.00",""],[1,"normal",10,1,1,-68.8,-152.8,9.95,9.95,"1.00","ww"],[2,"normal",10,1,1,-68.8,-152.8,9.95,9.95,"1.00","ww"],[3,"normal",10.8,1,1,-67.3,-153.5,10.79,10.79,"1.00",""],[4,"normal",-5,1,1,-102.8,-165.5,-4.96,-4.96,"1.00",""]],"index":11}],"imageArr":["wb.png","shen.png","lian3.png","lian.png","maozi_3.png"],"mcConfig":{"totalFrames":11,"ver":4}}