{"frames":[{"eventStr":"","list":[[0,"normal",105,1,1,48.3,-17.3,105,105,"1.00",""],[1,"normal",-15,1,1,-87,-121.5,-15,-15,"1.00","ww"],[2,"normal",-15,1,1,-87,-121.5,-15,-15,"1.00","ww"],[3,"normal",-15,1,1,-129,-159.8,-15,-15,"1.00",""]],"index":1},{"eventStr":"","list":[[0,"normal",106.1,1,1,48.3,-16.8,106.08,106.08,"1.00",""],[1,"normal",-15,1,1,-87,-121.5,-15,-15,"1.00","ww"],[2,"normal",-15,1,1,-87,-121.5,-15,-15,"1.00","ww"],[3,"normal",-15,1,1,-129,-159.8,-15,-15,"1.00",""]],"index":2},{"eventStr":"","list":[[0,"normal",107.3,1,1,48.5,-16,107.33,107.33,"1.00",""],[1,"normal",-15,1,1,-87,-121.5,-15,-15,"1.00","ww"],[2,"normal",-15,1,1,-87,-121.5,-15,-15,"1.00","ww"],[3,"normal",-15,1,1,-129,-159.8,-15,-15,"1.00",""]],"index":3},{"eventStr":"","list":[[0,"normal",108.6,1,1,48.8,-15.8,108.58,108.58,"1.00",""],[1,"normal",-15,1,1,-87,-121.5,-15,-15,"1.00","ww"],[2,"normal",-15,1,1,-87,-121.5,-15,-15,"1.00","ww"],[3,"normal",-15,1,1,-129,-159.8,-15,-15,"1.00",""]],"index":4},{"eventStr":"","list":[[0,"normal",109.8,1,1,48.8,-15.3,109.83,109.83,"1.00",""],[1,"normal",-15,1,1,-87,-121.5,-15,-15,"1.00","ww"],[2,"normal",-15,1,1,-87,-121.5,-15,-15,"1.00","ww"],[3,"normal",-15,1,1,-129,-159.8,-15,-15,"1.00",""]],"index":5},{"eventStr":"","list":[[0,"normal",111.1,1,1,49,-14.5,111.08,111.08,"1.00",""],[1,"normal",-15,1,1,-87,-121.5,-15,-15,"1.00","ww"],[2,"normal",-15,1,1,-87,-121.5,-15,-15,"1.00","ww"],[3,"normal",-15,1,1,-129,-159.8,-15,-15,"1.00",""]],"index":6},{"eventStr":"","list":[[0,"normal",112.3,1,1,49,-14,112.33,112.33,"1.00",""],[1,"normal",-15,1,1,-87,-121.5,-15,-15,"1.00","ww"],[2,"normal",-15,1,1,-87,-121.5,-15,-15,"1.00","ww"],[3,"normal",-15,1,1,-129,-159.8,-15,-15,"1.00",""]],"index":7},{"eventStr":"","list":[[0,"normal",113.6,1,1,49,-13.3,113.58,113.58,"1.00",""],[1,"normal",-15,1,1,-87,-121.5,-15,-15,"1.00","ww"],[2,"normal",-15,1,1,-87,-121.5,-15,-15,"1.00","ww"],[3,"normal",-15,1,1,-129,-159.8,-15,-15,"1.00",""]],"index":8},{"eventStr":"","list":[[0,"normal",114.8,1,1,49.3,-12.8,114.84,114.84,"1.00",""],[1,"normal",-15,1,1,-87,-121.5,-15,-15,"1.00","ww"],[2,"normal",-15,1,1,-87,-121.5,-15,-15,"1.00","ww"],[3,"normal",-15,1,1,-129,-159.8,-15,-15,"1.00",""]],"index":9},{"eventStr":"","list":[[0,"normal",116.2,1,1,49.3,-12.3,116.21,116.21,"1.00",""],[1,"normal",-15,1,1,-87,-121.5,-15,-15,"1.00","ww"],[2,"normal",-15,1,1,-87,-121.5,-15,-15,"1.00","ww"],[3,"normal",-15,1,1,-129,-159.8,-15,-15,"1.00",""]],"index":10},{"eventStr":"","list":[[0,"normal",115.1,1,1,49,-12.5,115.06,115.06,"1.00",""],[1,"normal",-15,1,1,-87,-121.5,-15,-15,"1.00","ww"],[2,"normal",-15,1,1,-87,-121.5,-15,-15,"1.00","ww"],[3,"normal",-15,1,1,-129,-159.8,-15,-15,"1.00",""]],"index":11},{"eventStr":"","list":[[0,"normal",113.8,1,1,48.8,-13.3,113.84,113.84,"1.00",""],[1,"normal",-15,1,1,-87,-121.5,-15,-15,"1.00","ww"],[2,"normal",-15,1,1,-87,-121.5,-15,-15,"1.00","ww"],[3,"normal",-15,1,1,-129,-159.8,-15,-15,"1.00",""]],"index":12},{"eventStr":"","list":[[0,"normal",112.8,1,1,49,-13.8,112.8,112.8,"1.00",""],[1,"normal",-15,1,1,-87,-121.5,-15,-15,"1.00","ww"],[2,"normal",-15,1,1,-87,-121.5,-15,-15,"1.00","ww"],[3,"normal",-15,1,1,-129,-159.8,-15,-15,"1.00",""]],"index":13},{"eventStr":"","list":[[0,"normal",111.6,1,1,48.8,-14.5,111.58,111.58,"1.00",""],[1,"normal",-15,1,1,-87,-121.5,-15,-15,"1.00","ww"],[2,"normal",-15,1,1,-87,-121.5,-15,-15,"1.00","ww"],[3,"normal",-15,1,1,-129,-159.8,-15,-15,"1.00",""]],"index":14},{"eventStr":"","list":[[0,"normal",110.5,1,1,48.8,-14.8,110.55,110.55,"1.00",""],[1,"normal",-15,1,1,-87,-121.5,-15,-15,"1.00","ww"],[2,"normal",-15,1,1,-87,-121.5,-15,-15,"1.00","ww"],[3,"normal",-15,1,1,-129,-159.8,-15,-15,"1.00",""]],"index":15},{"eventStr":"","list":[[0,"normal",109.3,1,1,48.8,-15.5,109.33,109.33,"1.00",""],[1,"normal",-15,1,1,-87,-121.5,-15,-15,"1.00","ww"],[2,"normal",-15,1,1,-87,-121.5,-15,-15,"1.00","ww"],[3,"normal",-15,1,1,-129,-159.8,-15,-15,"1.00",""]],"index":16},{"eventStr":"","list":[[0,"normal",108.3,1,1,48.5,-15.8,108.3,108.3,"1.00",""],[1,"normal",-15,1,1,-87,-121.5,-15,-15,"1.00","ww"],[2,"normal",-15,1,1,-87,-121.5,-15,-15,"1.00","ww"],[3,"normal",-15,1,1,-129,-159.8,-15,-15,"1.00",""]],"index":17},{"eventStr":"","list":[[0,"normal",107.1,1,1,48.3,-16.5,107.08,107.08,"1.00",""],[1,"normal",-15,1,1,-87,-121.5,-15,-15,"1.00","ww"],[2,"normal",-15,1,1,-87,-121.5,-15,-15,"1.00","ww"],[3,"normal",-15,1,1,-129,-159.8,-15,-15,"1.00",""]],"index":18},{"eventStr":"","list":[[0,"normal",106,1,1,48.3,-16.8,106.04,106.04,"1.00",""],[1,"normal",-15,1,1,-87,-121.5,-15,-15,"1.00","ww"],[2,"normal",-15,1,1,-87,-121.5,-15,-15,"1.00","ww"],[3,"normal",-15,1,1,-129,-159.8,-15,-15,"1.00",""]],"index":19},{"eventStr":"","list":[[0,"normal",105,1,1,48.3,-17.3,105,105,"1.00",""],[1,"normal",-15,1,1,-87,-121.5,-15,-15,"1.00","ww"],[2,"normal",-15,1,1,-87,-121.5,-15,-15,"1.00","ww"],[3,"normal",-15,1,1,-129,-159.8,-15,-15,"1.00",""]],"index":20}],"imageArr":["wb.png","shen.png","lian4.png","maozi_4.png"],"mcConfig":{"totalFrames":20,"ver":4}}