{"frames":[{"eventStr":"","list":[[0,"normal",0,0.21,0.21,-56,-91,0,0,"0.00",""],[1,"normal",0,0.24,0.24,-64.3,-20.8,0,0,"1.00",""],[2,"normal",0,0.24,0.24,-64.3,-93,0,0,"1.00",""]],"index":1},{"eventStr":"","list":[[0,"normal",0,0.37,0.37,-98.8,-160.5,0,0,"0.20",""],[1,"normal",0,0.39,0.39,-105.5,-23,0,0,"1.00",""],[2,"normal",0,0.39,0.39,-105.5,-162.3,0,0,"1.00",""]],"index":2},{"eventStr":"","list":[[0,"normal",0,0.52,0.52,-141.5,-230.3,0,0,"0.40",""],[1,"normal",0,0.54,0.54,-146.5,-25.3,0,0,"1.00",""],[2,"normal",0,0.54,0.54,-146.5,-231.3,0,0,"1.00",""]],"index":3},{"eventStr":"","list":[[0,"normal",0,0.68,0.68,-184.3,-299.8,0,0,"0.60",""],[1,"normal",0,0.7,0.7,-187.8,-27.5,0,0,"1.00",""],[2,"normal",0,0.7,0.7,-187.8,-300.8,0,0,"1.00",""]],"index":4},{"eventStr":"","list":[[0,"normal",0,0.84,0.84,-227.3,-369.5,0,0,"0.80",""],[1,"normal",0,0.85,0.85,-228.8,-29.8,0,0,"1.00",""],[2,"normal",0,0.85,0.85,-228.8,-369.8,0,0,"1.00",""]],"index":5},{"eventStr":"","list":[[0,"normal",0,1,1,-270,-439,0,0,"1.00",""],[1,"normal",0,1,1,-270,-32,0,0,"1.00",""],[2,"normal",0,1,1,-270,-439,0,0,"1.00",""]],"index":6},{"eventStr":"","list":[[0,"normal",0,1,1,-270,-439,0,0,"1.00",""],[1,"normal",0,1,1,-270,21,0,0,"1.00",""],[2,"normal",0,1,1,-270,-503.8,0,0,"1.00",""]],"index":7},{"eventStr":"","list":[[0,"normal",0,1,1,-270,-439,0,0,"1.00",""],[1,"normal",0,1,1,-270,74,0,0,"1.00",""],[2,"normal",0,1,1,-270,-568.5,0,0,"1.00",""]],"index":8},{"eventStr":"","list":[[0,"normal",0,1,1,-270,-439,0,0,"1.00",""],[1,"normal",0,1,1,-270,127,0,0,"1.00",""],[2,"normal",0,1,1,-270,-633,0,0,"1.00",""]],"index":9},{"eventStr":"","list":[[0,"normal",0,1,1,-270,-439,0,0,"1.00",""],[1,"normal",0,1,1,-270,180,0,0,"1.00",""],[2,"normal",0,1,1,-270,-697.8,0,0,"1.00",""]],"index":10},{"eventStr":"","list":[[0,"normal",0,1,1,-270,-439,0,0,"1.00",""],[1,"normal",0,1,1,-270,233,0,0,"1.00",""],[2,"normal",0,1,1,-270,-762.5,0,0,"1.00",""]],"index":11},{"eventStr":"","list":[[0,"normal",0,1,1,-270,-439,0,0,"1.00",""],[1,"normal",0,1,1,-270,286,0,0,"1.00",""],[2,"normal",0,1,1,-270,-827.3,0,0,"1.00",""]],"index":12},{"eventStr":"","list":[[0,"normal",0,1,1,-270,-439,0,0,"1.00",""],[1,"normal",0,1,1,-270,277.5,0,0,"1.00",""],[2,"normal",0,1,1,-270,-815.3,0,0,"1.00",""]],"index":13},{"eventStr":"","list":[[0,"normal",0,1,1,-270,-439,0,0,"1.00",""],[1,"normal",0,1,1,-270,268.8,0,0,"1.00",""],[2,"normal",0,1,1,-270,-803.3,0,0,"1.00",""]],"index":14},{"eventStr":"","list":[[0,"normal",0,1,1,-270,-439,0,0,"1.00",""],[1,"normal",0,1,1,-270,260,0,0,"1.00",""],[2,"normal",0,1,1,-270,-791,0,0,"1.00",""]],"index":15},{"eventStr":"","list":[[0,"normal",0,1,1,-270,-439,0,0,"1.00",""],[1,"normal",0,1,1,-270,251.5,0,0,"1.00",""],[2,"normal",0,1,1,-270,-779,0,0,"1.00",""]],"index":16},{"eventStr":"","list":[[0,"normal",0,1,1,-270,-439,0,0,"1.00",""],[1,"normal",0,1,1,-270,242.8,0,0,"1.00",""],[2,"normal",0,1,1,-270,-767,0,0,"1.00",""],[3,"normal",0,0.71,0.71,-132,-208.8,0,0,"1.00",""]],"index":17},{"eventStr":"","list":[[0,"normal",0,1,1,-270,-439,0,0,"1.00",""],[1,"normal",0,1,1,-270,234,0,0,"1.00",""],[2,"normal",0,1,1,-270,-755,0,0,"1.00",""],[3,"normal",0,0.82,0.82,-153.3,-213,0,0,"1.00",""]],"index":18},{"eventStr":"","list":[[0,"normal",0,1,1,-270,-439,0,0,"1.00",""],[1,"normal",0,1,1,-270,234,0,0,"1.00",""],[2,"normal",0,1,1,-270,-755,0,0,"1.00",""],[3,"normal",0,0.94,0.94,-174.5,-217.3,0,0,"1.00",""]],"index":19},{"eventStr":"","list":[[0,"normal",0,1,1,-270,-439,0,0,"1.00",""],[1,"normal",0,1,1,-270,234,0,0,"1.00",""],[2,"normal",0,1,1,-270,-755,0,0,"1.00",""],[3,"normal",0,1.05,1.05,-195.8,-221.8,0,0,"1.00",""]],"index":20},{"eventStr":"","list":[[0,"normal",0,1,1,-270,-439,0,0,"1.00",""],[1,"normal",0,1,1,-270,234,0,0,"1.00",""],[2,"normal",0,1,1,-270,-755,0,0,"1.00",""],[3,"normal",0,0.97,0.97,-181.3,-218.8,0,0,"1.00",""]],"index":21},{"eventStr":"","list":[[0,"normal",0,1,1,-270,-439,0,0,"1.00",""],[1,"normal",0,1,1,-270,234,0,0,"1.00",""],[2,"normal",0,1,1,-270,-755,0,0,"1.00",""],[3,"normal",0,0.89,0.89,-166.5,-215.8,0,0,"1.00",""]],"index":22},{"eventStr":"","list":[[0,"normal",0,1,1,-270,-439,0,0,"1.00",""],[1,"normal",0,1,1,-270,234,0,0,"1.00",""],[2,"normal",0,1,1,-270,-755,0,0,"1.00",""],[3,"normal",0,0.82,0.82,-152,-212.8,0,0,"1.00",""],[4,"normal",0,1,1,-171,-10,0,0,"0.00",""]],"index":23},{"eventStr":"","list":[[0,"normal",0,1,1,-270,-439,0,0,"1.00",""],[1,"normal",0,1,1,-270,234,0,0,"1.00",""],[2,"normal",0,1,1,-270,-755,0,0,"1.00",""],[3,"normal",0,0.74,0.74,-137.3,-209.8,0,0,"1.00",""],[4,"normal",0,1,1,-171,-7.3,0,0,"0.14",""]],"index":24},{"eventStr":"","list":[[0,"normal",0,1,1,-270,-439,0,0,"1.00",""],[1,"normal",0,1,1,-270,234,0,0,"1.00",""],[2,"normal",0,1,1,-270,-755,0,0,"1.00",""],[3,"normal",0,0.66,0.66,-122.8,-206.8,0,0,"1.00",""],[4,"normal",0,1,1,-171,-4.3,0,0,"0.29",""]],"index":25},{"eventStr":"","list":[[0,"normal",0,1,1,-270,-439,0,0,"1.00",""],[1,"normal",0,1,1,-270,234,0,0,"1.00",""],[2,"normal",0,1,1,-270,-755,0,0,"1.00",""],[3,"normal",0,0.66,0.66,-122.8,-206.8,0,0,"1.00",""],[4,"normal",0,1,1,-171,-1.5,0,0,"0.43",""]],"index":26},{"eventStr":"","list":[[0,"normal",0,1,1,-270,-439,0,0,"1.00",""],[1,"normal",0,1,1,-270,234,0,0,"1.00",""],[2,"normal",0,1,1,-270,-755,0,0,"1.00",""],[3,"normal",0,0.66,0.66,-122.8,-206.8,0,0,"1.00",""],[4,"normal",0,1,1,-171,1.5,0,0,"0.57",""]],"index":27},{"eventStr":"","list":[[0,"normal",0,1,1,-270,-439,0,0,"1.00",""],[1,"normal",0,1,1,-270,234,0,0,"1.00",""],[2,"normal",0,1,1,-270,-755,0,0,"1.00",""],[3,"normal",0,0.66,0.66,-122.8,-206.8,0,0,"1.00",""],[4,"normal",0,1,1,-171,4.3,0,0,"0.71",""]],"index":28},{"eventStr":"","list":[[0,"normal",0,1,1,-270,-439,0,0,"1.00",""],[1,"normal",0,1,1,-270,234,0,0,"1.00",""],[2,"normal",0,1,1,-270,-755,0,0,"1.00",""],[3,"normal",0,0.66,0.66,-122.8,-206.8,0,0,"1.00",""],[4,"normal",0,1,1,-171,7.3,0,0,"0.86",""]],"index":29},{"eventStr":"","list":[[0,"normal",0,1,1,-270,-439,0,0,"1.00",""],[1,"normal",0,1,1,-270,234,0,0,"1.00",""],[2,"normal",0,1,1,-270,-755,0,0,"1.00",""],[3,"normal",0,0.66,0.66,-122.8,-206.8,0,0,"1.00",""],[4,"normal",0,1,1,-171,10,0,0,"1.00",""]],"index":30},{"eventStr":"","list":[[0,"normal",0,1,1,-270,-439,0,0,"1.00",""],[1,"normal",0,1,1,-270,234,0,0,"1.00",""],[2,"normal",0,1,1,-270,-755,0,0,"1.00",""],[3,"normal",0,0.66,0.66,-122.8,-206.8,0,0,"1.00",""],[4,"normal",0,1,1,-171,10,0,0,"1.00",""]],"index":31},{"eventStr":"","list":[[0,"normal",0,1,1,-270,-439,0,0,"1.00",""],[1,"normal",0,1,1,-270,234,0,0,"1.00",""],[2,"normal",0,1,1,-270,-755,0,0,"1.00",""],[3,"normal",0,0.66,0.66,-122.8,-206.8,0,0,"1.00",""],[4,"normal",0,1,1,-171,10,0,0,"1.00",""]],"index":32},{"eventStr":"","list":[[0,"normal",0,1,1,-270,-439,0,0,"1.00",""],[1,"normal",0,1,1,-270,234,0,0,"1.00",""],[2,"normal",0,1,1,-270,-755,0,0,"1.00",""],[3,"normal",0,0.66,0.66,-122.8,-206.8,0,0,"1.00",""],[4,"normal",0,1,1,-171,10,0,0,"1.00",""]],"index":33},{"eventStr":"","list":[[0,"normal",0,1,1,-270,-439,0,0,"1.00",""],[1,"normal",0,1,1,-270,234,0,0,"1.00",""],[2,"normal",0,1,1,-270,-755,0,0,"1.00",""],[3,"normal",0,0.66,0.66,-122.8,-206.8,0,0,"1.00",""],[4,"normal",0,1,1,-171,10,0,0,"1.00",""]],"index":34},{"eventStr":"","list":[[0,"normal",0,1,1,-270,-439,0,0,"1.00",""],[1,"normal",0,1,1,-270,234,0,0,"1.00",""],[2,"normal",0,1,1,-270,-755,0,0,"1.00",""],[3,"normal",0,0.66,0.66,-122.8,-206.8,0,0,"1.00",""],[4,"normal",0,1,1,-171,10,0,0,"1.00",""]],"index":35},{"eventStr":"","list":[[0,"normal",0,1,1,-270,-439,0,0,"1.00",""],[1,"normal",0,1,1,-270,234,0,0,"1.00",""],[2,"normal",0,1,1,-270,-755,0,0,"1.00",""],[3,"normal",0,0.66,0.66,-122.8,-206.8,0,0,"1.00",""],[4,"normal",0,1,1,-171,10,0,0,"1.00",""]],"index":36},{"eventStr":"","list":[[0,"normal",0,1,1,-270,-439,0,0,"1.00",""],[1,"normal",0,1,1,-270,234,0,0,"1.00",""],[2,"normal",0,1,1,-270,-755,0,0,"1.00",""],[3,"normal",0,0.66,0.66,-122.8,-206.8,0,0,"1.00",""],[4,"normal",0,1,1,-171,10,0,0,"1.00",""]],"index":37},{"eventStr":"","list":[[0,"normal",0,1,1,-270,-439,0,0,"1.00",""],[1,"normal",0,1,1,-270,234,0,0,"1.00",""],[2,"normal",0,1,1,-270,-755,0,0,"1.00",""],[3,"normal",0,0.66,0.66,-122.8,-206.8,0,0,"1.00",""],[4,"normal",0,1,1,-171,10,0,0,"1.00",""]],"index":38},{"eventStr":"","list":[[0,"normal",0,1,1,-270,-439,0,0,"1.00",""],[1,"normal",0,1,1,-270,234,0,0,"1.00",""],[2,"normal",0,1,1,-270,-755,0,0,"1.00",""],[3,"normal",0,0.66,0.66,-122.8,-206.8,0,0,"1.00",""],[4,"normal",0,1,1,-171,10,0,0,"1.00",""]],"index":39},{"eventStr":"","list":[[0,"normal",0,1,1,-270,-439,0,0,"1.00",""],[1,"normal",0,1,1,-270,234,0,0,"1.00",""],[2,"normal",0,1,1,-270,-755,0,0,"1.00",""],[3,"normal",0,0.66,0.66,-122.8,-206.8,0,0,"1.00",""],[4,"normal",0,1,1,-171,10,0,0,"1.00",""]],"index":40},{"eventStr":"","list":[[0,"normal",0,1,1,-270,-439,0,0,"1.00",""],[1,"normal",0,1,1,-270,234,0,0,"1.00",""],[2,"normal",0,1,1,-270,-755,0,0,"1.00",""],[3,"normal",0,0.66,0.66,-122.8,-206.8,0,0,"1.00",""],[4,"normal",0,1,1,-171,10,0,0,"1.00",""]],"index":41},{"eventStr":"","list":[[0,"normal",0,1,1,-270,-439,0,0,"1.00",""],[1,"normal",0,1,1,-270,234,0,0,"1.00",""],[2,"normal",0,1,1,-270,-755,0,0,"1.00",""],[3,"normal",0,0.66,0.66,-122.8,-206.8,0,0,"1.00",""],[4,"normal",0,1,1,-171,10,0,0,"1.00",""]],"index":42},{"eventStr":"","list":[[0,"normal",0,1,1,-270,-439,0,0,"1.00",""],[1,"normal",0,1,1,-270,234,0,0,"1.00",""],[2,"normal",0,1,1,-270,-755,0,0,"1.00",""],[3,"normal",0,0.66,0.66,-122.8,-206.8,0,0,"1.00",""],[4,"normal",0,1,1,-171,10,0,0,"1.00",""]],"index":43},{"eventStr":"","list":[[0,"normal",0,1,1,-270,-439,0,0,"1.00",""],[1,"normal",0,1,1,-270,234,0,0,"1.00",""],[2,"normal",0,1,1,-270,-755,0,0,"1.00",""],[3,"normal",0,0.66,0.66,-122.8,-206.8,0,0,"1.00",""],[4,"normal",0,1,1,-171,10,0,0,"1.00",""]],"index":44},{"eventStr":"","list":[[0,"normal",0,1,1,-270,-439,0,0,"1.00",""],[1,"normal",0,1,1,-270,234,0,0,"1.00",""],[2,"normal",0,1,1,-270,-755,0,0,"1.00",""],[3,"normal",0,0.66,0.66,-122.8,-206.8,0,0,"1.00",""],[4,"normal",0,1,1,-171,10,0,0,"1.00",""]],"index":45},{"eventStr":"","list":[[0,"normal",0,1,1,-270,-439,0,0,"1.00",""],[1,"normal",0,1,1,-270,234,0,0,"1.00",""],[2,"normal",0,1,1,-270,-755,0,0,"1.00",""],[3,"normal",0,0.66,0.66,-122.8,-206.8,0,0,"1.00",""],[4,"normal",0,1,1,-171,10,0,0,"1.00",""]],"index":46},{"eventStr":"","list":[[0,"normal",0,1,1,-270,-439,0,0,"1.00",""],[1,"normal",0,1,1,-270,234,0,0,"1.00",""],[2,"normal",0,1,1,-270,-755,0,0,"1.00",""],[3,"normal",0,0.66,0.66,-122.8,-206.8,0,0,"1.00",""],[4,"normal",0,1,1,-171,10,0,0,"1.00",""]],"index":47},{"eventStr":"","list":[[0,"normal",0,1,1,-270,-439,0,0,"1.00",""],[1,"normal",0,1,1,-270,234,0,0,"1.00",""],[2,"normal",0,1,1,-270,-755,0,0,"1.00",""],[3,"normal",0,0.66,0.66,-122.8,-206.8,0,0,"1.00",""],[4,"normal",0,1,1,-171,10,0,0,"1.00",""]],"index":48},{"eventStr":"","list":[[0,"normal",0,1,1,-270,-439,0,0,"1.00",""],[1,"normal",0,1,1,-270,234,0,0,"1.00",""],[2,"normal",0,1,1,-270,-755,0,0,"1.00",""],[3,"normal",0,0.66,0.66,-122.8,-206.8,0,0,"1.00",""],[4,"normal",0,1,1,-171,10,0,0,"1.00",""]],"index":49},{"eventStr":"","list":[[0,"normal",0,1,1,-270,-439,0,0,"1.00",""],[1,"normal",0,1,1,-270,234,0,0,"1.00",""],[2,"normal",0,1,1,-270,-755,0,0,"1.00",""],[3,"normal",0,0.66,0.66,-122.8,-206.8,0,0,"1.00",""],[4,"normal",0,1,1,-171,10,0,0,"1.00",""]],"index":50},{"eventStr":"","list":[[0,"normal",0,1,1,-270,-439,0,0,"1.00",""],[1,"normal",0,1,1,-270,234,0,0,"1.00",""],[2,"normal",0,1,1,-270,-755,0,0,"1.00",""],[3,"normal",0,0.66,0.66,-122.8,-206.8,0,0,"1.00",""],[4,"normal",0,1,1,-171,10,0,0,"1.00",""]],"index":51},{"eventStr":"","list":[[0,"normal",0,1,1,-270,-439,0,0,"1.00",""],[1,"normal",0,1,1,-270,234,0,0,"1.00",""],[2,"normal",0,1,1,-270,-755,0,0,"1.00",""],[3,"normal",0,0.66,0.66,-122.8,-206.8,0,0,"1.00",""],[4,"normal",0,1,1,-171,10,0,0,"1.00",""]],"index":52},{"eventStr":"","list":[[0,"normal",0,1,1,-270,-439,0,0,"1.00",""],[1,"normal",0,1,1,-270,234,0,0,"1.00",""],[2,"normal",0,1,1,-270,-755,0,0,"1.00",""],[3,"normal",0,0.66,0.66,-122.8,-206.8,0,0,"1.00",""],[4,"normal",0,1,1,-171,10,0,0,"1.00",""]],"index":53},{"eventStr":"","list":[[0,"normal",0,1,1,-270,-439,0,0,"1.00",""],[1,"normal",0,1,1,-270,234,0,0,"1.00",""],[2,"normal",0,1,1,-270,-755,0,0,"1.00",""],[3,"normal",0,0.66,0.66,-122.8,-206.8,0,0,"1.00",""],[4,"normal",0,1,1,-171,10,0,0,"1.00",""]],"index":54},{"eventStr":"","list":[[0,"normal",0,1,1,-270,-439,0,0,"1.00",""],[1,"normal",0,1,1,-270,234,0,0,"1.00",""],[2,"normal",0,1,1,-270,-755,0,0,"1.00",""],[3,"normal",0,0.66,0.66,-122.8,-206.8,0,0,"1.00",""],[4,"normal",0,1,1,-171,10,0,0,"1.00",""]],"index":55},{"eventStr":"","list":[[0,"normal",0,1,1,-270,-439,0,0,"1.00",""],[1,"normal",0,1,1,-270,234,0,0,"1.00",""],[2,"normal",0,1,1,-270,-755,0,0,"1.00",""],[3,"normal",0,0.66,0.66,-122.8,-206.8,0,0,"1.00",""],[4,"normal",0,1,1,-171,10,0,0,"1.00",""]],"index":56},{"eventStr":"","list":[[0,"normal",0,1,1,-270,-439,0,0,"1.00",""],[1,"normal",0,1,1,-270,234,0,0,"1.00",""],[2,"normal",0,1,1,-270,-755,0,0,"1.00",""],[3,"normal",0,0.66,0.66,-122.8,-206.8,0,0,"1.00",""],[4,"normal",0,1,1,-171,10,0,0,"1.00",""]],"index":57},{"eventStr":"","list":[[0,"normal",0,1,1,-270,-439,0,0,"1.00",""],[1,"normal",0,1,1,-270,234,0,0,"1.00",""],[2,"normal",0,1,1,-270,-755,0,0,"1.00",""],[3,"normal",0,0.66,0.66,-122.8,-206.8,0,0,"1.00",""],[4,"normal",0,1,1,-171,10,0,0,"1.00",""]],"index":58},{"eventStr":"","list":[[0,"normal",0,1,1,-270,-439,0,0,"1.00",""],[1,"normal",0,1,1,-270,234,0,0,"1.00",""],[2,"normal",0,1,1,-270,-755,0,0,"1.00",""],[3,"normal",0,0.66,0.66,-122.8,-206.8,0,0,"1.00",""],[4,"normal",0,1,1,-171,10,0,0,"1.00",""]],"index":59},{"eventStr":"","list":[[0,"normal",0,1,1,-270,-439,0,0,"1.00",""],[1,"normal",0,1,1,-270,234,0,0,"1.00",""],[2,"normal",0,1,1,-270,-755,0,0,"1.00",""],[3,"normal",0,0.66,0.66,-122.8,-206.8,0,0,"1.00",""],[4,"normal",0,1,1,-171,10,0,0,"1.00",""]],"index":60},{"eventStr":"","list":[[0,"normal",0,1,1,-270,-439,0,0,"1.00",""],[1,"normal",0,1,1,-270,234,0,0,"1.00",""],[2,"normal",0,1,1,-270,-755,0,0,"1.00",""],[3,"normal",0,0.66,0.66,-122.8,-206.8,0,0,"1.00",""],[4,"normal",0,1,1,-171,10,0,0,"1.00",""]],"index":61},{"eventStr":"","list":[[0,"normal",0,1,1,-270,-439,0,0,"1.00",""],[1,"normal",0,1,1,-270,234,0,0,"1.00",""],[2,"normal",0,1,1,-270,-755,0,0,"1.00",""],[3,"normal",0,0.66,0.66,-122.8,-206.8,0,0,"1.00",""],[4,"normal",0,1,1,-171,10,0,0,"1.00",""]],"index":62},{"eventStr":"","list":[[0,"normal",0,1,1,-270,-439,0,0,"1.00",""],[1,"normal",0,1,1,-270,234,0,0,"1.00",""],[2,"normal",0,1,1,-270,-755,0,0,"1.00",""],[3,"normal",0,0.66,0.66,-122.8,-206.8,0,0,"1.00",""],[4,"normal",0,1,1,-171,10,0,0,"1.00",""]],"index":63},{"eventStr":"","list":[[0,"normal",0,1,1,-270,-439,0,0,"1.00",""],[1,"normal",0,1,1,-270,234,0,0,"1.00",""],[2,"normal",0,1,1,-270,-755,0,0,"1.00",""],[3,"normal",0,0.66,0.66,-122.8,-206.8,0,0,"1.00",""],[4,"normal",0,1,1,-171,10,0,0,"1.00",""]],"index":64},{"eventStr":"","list":[[0,"normal",0,1,1,-270,-439,0,0,"1.00",""],[1,"normal",0,1,1,-270,234,0,0,"1.00",""],[2,"normal",0,1,1,-270,-755,0,0,"1.00",""],[3,"normal",0,0.66,0.66,-122.8,-206.8,0,0,"1.00",""],[4,"normal",0,1,1,-171,10,0,0,"1.00",""]],"index":65},{"eventStr":"","list":[[0,"normal",0,1,1,-270,-439,0,0,"1.00",""],[1,"normal",0,1,1,-270,234,0,0,"1.00",""],[2,"normal",0,1,1,-270,-755,0,0,"1.00",""],[3,"normal",0,0.66,0.66,-122.8,-206.8,0,0,"1.00",""],[4,"normal",0,1,1,-171,10,0,0,"1.00",""]],"index":66},{"eventStr":"","list":[[0,"normal",0,1,1,-270,-439,0,0,"1.00",""],[1,"normal",0,1,1,-270,234,0,0,"1.00",""],[2,"normal",0,1,1,-270,-755,0,0,"1.00",""],[3,"normal",0,0.66,0.66,-122.8,-206.8,0,0,"1.00",""],[4,"normal",0,1,1,-171,10,0,0,"1.00",""]],"index":67},{"eventStr":"","list":[[0,"normal",0,1,1,-270,-439,0,0,"1.00",""],[1,"normal",0,1,1,-270,234,0,0,"1.00",""],[2,"normal",0,1,1,-270,-755,0,0,"1.00",""],[3,"normal",0,0.66,0.66,-122.8,-206.8,0,0,"1.00",""],[4,"normal",0,1,1,-171,10,0,0,"1.00",""]],"index":68},{"eventStr":"","list":[[0,"normal",0,1,1,-270,-439,0,0,"1.00",""],[1,"normal",0,1,1,-270,234,0,0,"1.00",""],[2,"normal",0,1,1,-270,-755,0,0,"1.00",""],[3,"normal",0,0.66,0.66,-122.8,-206.8,0,0,"1.00",""],[4,"normal",0,1,1,-171,10,0,0,"1.00",""]],"index":69},{"eventStr":"","list":[[0,"normal",0,1,1,-270,-439,0,0,"1.00",""],[1,"normal",0,1,1,-270,234,0,0,"1.00",""],[2,"normal",0,1,1,-270,-755,0,0,"1.00",""],[3,"normal",0,0.66,0.66,-122.8,-206.8,0,0,"1.00",""],[4,"normal",0,1,1,-171,10,0,0,"1.00",""]],"index":70},{"eventStr":"","list":[[0,"normal",0,1,1,-270,-439,0,0,"1.00",""],[1,"normal",0,1,1,-270,234,0,0,"1.00",""],[2,"normal",0,1,1,-270,-755,0,0,"1.00",""],[3,"normal",0,0.66,0.66,-122.8,-206.8,0,0,"1.00",""],[4,"normal",0,1,1,-171,10,0,0,"1.00",""]],"index":71},{"eventStr":"","list":[[0,"normal",0,1,1,-270,-439,0,0,"1.00",""],[1,"normal",0,1,1,-270,234,0,0,"1.00",""],[2,"normal",0,1,1,-270,-755,0,0,"1.00",""],[3,"normal",0,0.66,0.66,-122.8,-206.8,0,0,"1.00",""],[4,"normal",0,1,1,-171,10,0,0,"1.00",""]],"index":72},{"eventStr":"","list":[[0,"normal",0,1,1,-270,-439,0,0,"1.00",""],[1,"normal",0,1,1,-270,234,0,0,"1.00",""],[2,"normal",0,1,1,-270,-755,0,0,"1.00",""],[3,"normal",0,0.66,0.66,-122.8,-206.8,0,0,"1.00",""],[4,"normal",0,1,1,-171,10,0,0,"1.00",""]],"index":73},{"eventStr":"","list":[[0,"normal",0,1,1,-270,-439,0,0,"1.00",""],[1,"normal",0,1,1,-270,234,0,0,"1.00",""],[2,"normal",0,1,1,-270,-755,0,0,"1.00",""],[3,"normal",0,0.66,0.66,-122.8,-206.8,0,0,"1.00",""],[4,"normal",0,1,1,-171,10,0,0,"1.00",""]],"index":74},{"eventStr":"","list":[[0,"normal",0,1,1,-270,-439,0,0,"1.00",""],[1,"normal",0,1,1,-270,234,0,0,"1.00",""],[2,"normal",0,1,1,-270,-755,0,0,"1.00",""],[3,"normal",0,0.66,0.66,-122.8,-206.8,0,0,"1.00",""],[4,"normal",0,1,1,-171,10,0,0,"1.00",""]],"index":75},{"eventStr":"","list":[[0,"normal",0,1,1,-270,-439,0,0,"1.00",""],[1,"normal",0,1,1,-270,234,0,0,"1.00",""],[2,"normal",0,1,1,-270,-755,0,0,"1.00",""],[3,"normal",0,0.66,0.66,-122.8,-206.8,0,0,"1.00",""],[4,"normal",0,1,1,-171,10,0,0,"1.00",""]],"index":76},{"eventStr":"","list":[[0,"normal",0,1,1,-270,-439,0,0,"1.00",""],[1,"normal",0,1,1,-270,234,0,0,"1.00",""],[2,"normal",0,1,1,-270,-755,0,0,"1.00",""],[3,"normal",0,0.66,0.66,-122.8,-206.8,0,0,"1.00",""],[4,"normal",0,1,1,-171,10,0,0,"1.00",""]],"index":77},{"eventStr":"","list":[[0,"normal",0,1,1,-270,-439,0,0,"1.00",""],[1,"normal",0,1,1,-270,234,0,0,"1.00",""],[2,"normal",0,1,1,-270,-755,0,0,"1.00",""],[3,"normal",0,0.66,0.66,-122.8,-206.8,0,0,"1.00",""],[4,"normal",0,1,1,-171,10,0,0,"1.00",""]],"index":78},{"eventStr":"","list":[[0,"normal",0,1,1,-270,-439,0,0,"1.00",""],[1,"normal",0,1,1,-270,234,0,0,"1.00",""],[2,"normal",0,1,1,-270,-755,0,0,"1.00",""],[3,"normal",0,0.66,0.66,-122.8,-206.8,0,0,"1.00",""],[4,"normal",0,1,1,-171,10,0,0,"1.00",""]],"index":79},{"eventStr":"","list":[[0,"normal",0,1,1,-270,-439,0,0,"1.00",""],[1,"normal",0,1,1,-270,234,0,0,"1.00",""],[2,"normal",0,1,1,-270,-755,0,0,"1.00",""],[3,"normal",0,0.66,0.66,-122.8,-206.8,0,0,"1.00",""],[4,"normal",0,1,1,-171,10,0,0,"1.00",""]],"index":80},{"eventStr":"","list":[[0,"normal",0,1,1,-270,-439,0,0,"1.00",""],[1,"normal",0,1,1,-270,234,0,0,"1.00",""],[2,"normal",0,1,1,-270,-755,0,0,"1.00",""],[3,"normal",0,0.66,0.66,-122.8,-206.8,0,0,"1.00",""],[4,"normal",0,1,1,-171,10,0,0,"1.00",""]],"index":81},{"eventStr":"","list":[[0,"normal",0,1,1,-270,-439,0,0,"1.00",""],[1,"normal",0,1,1,-270,234,0,0,"1.00",""],[2,"normal",0,1,1,-270,-755,0,0,"1.00",""],[3,"normal",0,0.66,0.66,-122.8,-206.8,0,0,"1.00",""],[4,"normal",0,1,1,-171,10,0,0,"1.00",""]],"index":82},{"eventStr":"","list":[[0,"normal",0,1,1,-270,-439,0,0,"1.00",""],[1,"normal",0,1,1,-270,234,0,0,"1.00",""],[2,"normal",0,1,1,-270,-755,0,0,"1.00",""],[3,"normal",0,0.66,0.66,-122.8,-206.8,0,0,"1.00",""],[4,"normal",0,1,1,-171,10,0,0,"1.00",""]],"index":83},{"eventStr":"","list":[[0,"normal",0,1,1,-270,-439,0,0,"1.00",""],[1,"normal",0,1,1,-270,234,0,0,"1.00",""],[2,"normal",0,1,1,-270,-755,0,0,"1.00",""],[3,"normal",0,0.66,0.66,-122.8,-206.8,0,0,"1.00",""],[4,"normal",0,1,1,-171,10,0,0,"1.00",""]],"index":84},{"eventStr":"","list":[[0,"normal",0,1,1,-270,-439,0,0,"1.00",""],[1,"normal",0,1,1,-270,234,0,0,"1.00",""],[2,"normal",0,1,1,-270,-755,0,0,"1.00",""],[3,"normal",0,0.66,0.66,-122.8,-206.8,0,0,"1.00",""],[4,"normal",0,1,1,-171,10,0,0,"1.00",""]],"index":85},{"eventStr":"","list":[[0,"normal",0,1,1,-270,-439,0,0,"1.00",""],[1,"normal",0,1,1,-270,234,0,0,"1.00",""],[2,"normal",0,1,1,-270,-755,0,0,"1.00",""],[3,"normal",0,0.66,0.66,-122.8,-206.8,0,0,"1.00",""],[4,"normal",0,1,1,-171,10,0,0,"1.00",""]],"index":86},{"eventStr":"","list":[[0,"normal",0,1,1,-270,-439,0,0,"1.00",""],[1,"normal",0,1,1,-270,234,0,0,"1.00",""],[2,"normal",0,1,1,-270,-755,0,0,"1.00",""],[3,"normal",0,0.66,0.66,-122.8,-206.8,0,0,"1.00",""],[4,"normal",0,1,1,-171,10,0,0,"1.00",""]],"index":87},{"eventStr":"","list":[[0,"normal",0,1,1,-270,-439,0,0,"1.00",""],[1,"normal",0,1,1,-270,234,0,0,"1.00",""],[2,"normal",0,1,1,-270,-755,0,0,"1.00",""],[3,"normal",0,0.66,0.66,-122.8,-206.8,0,0,"1.00",""],[4,"normal",0,1,1,-171,10,0,0,"1.00",""]],"index":88},{"eventStr":"","list":[[0,"normal",0,1,1,-270,-439,0,0,"1.00",""],[1,"normal",0,1,1,-270,234,0,0,"1.00",""],[2,"normal",0,1,1,-270,-755,0,0,"1.00",""],[3,"normal",0,0.66,0.66,-122.8,-206.8,0,0,"1.00",""],[4,"normal",0,1,1,-171,10,0,0,"1.00",""]],"index":89},{"eventStr":"","list":[[0,"normal",0,1,1,-270,-439,0,0,"1.00",""],[1,"normal",0,1,1,-270,234,0,0,"1.00",""],[2,"normal",0,1,1,-270,-755,0,0,"1.00",""],[3,"normal",0,0.66,0.66,-122.8,-206.8,0,0,"1.00",""],[4,"normal",0,1,1,-171,10,0,0,"1.00",""]],"index":90},{"eventStr":"","list":[[0,"normal",0,1,1,-270,-439,0,0,"1.00",""],[1,"normal",0,1,1,-270,234,0,0,"1.00",""],[2,"normal",0,1,1,-270,-755,0,0,"1.00",""],[3,"normal",0,0.66,0.66,-122.8,-206.8,0,0,"1.00",""],[4,"normal",0,1,1,-171,10,0,0,"1.00",""]],"index":91},{"eventStr":"","list":[[0,"normal",0,1,1,-270,-439,0,0,"1.00",""],[1,"normal",0,1,1,-270,234,0,0,"1.00",""],[2,"normal",0,1,1,-270,-755,0,0,"1.00",""],[3,"normal",0,0.66,0.66,-122.8,-206.8,0,0,"1.00",""],[4,"normal",0,1,1,-171,10,0,0,"1.00",""]],"index":92},{"eventStr":"","list":[[0,"normal",0,1,1,-270,-439,0,0,"1.00",""],[1,"normal",0,1,1,-270,234,0,0,"1.00",""],[2,"normal",0,1,1,-270,-755,0,0,"1.00",""],[3,"normal",0,0.66,0.66,-122.8,-206.8,0,0,"1.00",""],[4,"normal",0,1,1,-171,10,0,0,"1.00",""]],"index":93},{"eventStr":"","list":[[0,"normal",0,1,1,-270,-439,0,0,"1.00",""],[1,"normal",0,1,1,-270,234,0,0,"1.00",""],[2,"normal",0,1,1,-270,-755,0,0,"1.00",""],[3,"normal",0,0.66,0.66,-122.8,-206.8,0,0,"1.00",""],[4,"normal",0,1,1,-171,10,0,0,"1.00",""]],"index":94},{"eventStr":"","list":[[0,"normal",0,1,1,-270,-439,0,0,"1.00",""],[1,"normal",0,1,1,-270,234,0,0,"1.00",""],[2,"normal",0,1,1,-270,-755,0,0,"1.00",""],[3,"normal",0,0.66,0.66,-122.8,-206.8,0,0,"1.00",""],[4,"normal",0,1,1,-171,10,0,0,"1.00",""]],"index":95},{"eventStr":"","list":[[0,"normal",0,1,1,-270,-439,0,0,"1.00",""],[1,"normal",0,1,1,-270,234,0,0,"1.00",""],[2,"normal",0,1,1,-270,-755,0,0,"1.00",""],[3,"normal",0,0.66,0.66,-122.8,-206.8,0,0,"1.00",""],[4,"normal",0,1,1,-171,10,0,0,"1.00",""]],"index":96},{"eventStr":"","list":[[0,"normal",0,1,1,-270,-439,0,0,"1.00",""],[1,"normal",0,1,1,-270,234,0,0,"1.00",""],[2,"normal",0,1,1,-270,-755,0,0,"1.00",""],[3,"normal",0,0.66,0.66,-122.8,-206.8,0,0,"1.00",""],[4,"normal",0,1,1,-171,10,0,0,"1.00",""]],"index":97},{"eventStr":"","list":[[0,"normal",0,1,1,-270,-439,0,0,"1.00",""],[1,"normal",0,1,1,-270,234,0,0,"1.00",""],[2,"normal",0,1,1,-270,-755,0,0,"1.00",""],[3,"normal",0,0.66,0.66,-122.8,-206.8,0,0,"1.00",""],[4,"normal",0,1,1,-171,10,0,0,"1.00",""]],"index":98},{"eventStr":"","list":[[0,"normal",0,1,1,-270,-439,0,0,"1.00",""],[1,"normal",0,1,1,-270,234,0,0,"1.00",""],[2,"normal",0,1,1,-270,-755,0,0,"1.00",""],[3,"normal",0,0.66,0.66,-122.8,-206.8,0,0,"1.00",""],[4,"normal",0,1,1,-171,10,0,0,"1.00",""]],"index":99},{"eventStr":"","list":[[0,"normal",0,1,1,-270,-439,0,0,"1.00",""],[1,"normal",0,1,1,-270,234,0,0,"1.00",""],[2,"normal",0,1,1,-270,-755,0,0,"1.00",""],[3,"normal",0,0.66,0.66,-122.8,-206.8,0,0,"1.00",""],[4,"normal",0,1,1,-171,10,0,0,"1.00",""]],"index":100},{"eventStr":"","list":[[0,"normal",0,1,1,-270,-439,0,0,"1.00",""],[1,"normal",0,1,1,-270,234,0,0,"1.00",""],[2,"normal",0,1,1,-270,-755,0,0,"1.00",""],[3,"normal",0,0.66,0.66,-122.8,-206.8,0,0,"1.00",""],[4,"normal",0,1,1,-171,10,0,0,"1.00",""]],"index":101},{"eventStr":"","list":[[0,"normal",0,1,1,-270,-439,0,0,"1.00",""],[1,"normal",0,1,1,-270,234,0,0,"1.00",""],[2,"normal",0,1,1,-270,-755,0,0,"1.00",""],[3,"normal",0,0.66,0.66,-122.8,-206.8,0,0,"1.00",""],[4,"normal",0,1,1,-171,10,0,0,"1.00",""]],"index":102},{"eventStr":"","list":[[0,"normal",0,1,1,-270,-439,0,0,"1.00",""],[1,"normal",0,1,1,-270,234,0,0,"1.00",""],[2,"normal",0,1,1,-270,-755,0,0,"1.00",""],[3,"normal",0,0.66,0.66,-122.8,-206.8,0,0,"1.00",""],[4,"normal",0,1,1,-171,10,0,0,"1.00",""]],"index":103},{"eventStr":"","list":[[0,"normal",0,1,1,-270,-439,0,0,"1.00",""],[1,"normal",0,1,1,-270,234,0,0,"1.00",""],[2,"normal",0,1,1,-270,-755,0,0,"1.00",""],[3,"normal",0,0.66,0.66,-122.8,-206.8,0,0,"1.00",""],[4,"normal",0,1,1,-171,10,0,0,"1.00",""]],"index":104},{"eventStr":"","list":[[0,"normal",0,1,1,-270,-439,0,0,"1.00",""],[1,"normal",0,1,1,-270,234,0,0,"1.00",""],[2,"normal",0,1,1,-270,-755,0,0,"1.00",""],[3,"normal",0,0.66,0.66,-122.8,-206.8,0,0,"1.00",""],[4,"normal",0,1,1,-171,10,0,0,"1.00",""]],"index":105},{"eventStr":"","list":[[0,"normal",0,1,1,-270,-439,0,0,"1.00",""],[1,"normal",0,1,1,-270,234,0,0,"1.00",""],[2,"normal",0,1,1,-270,-755,0,0,"1.00",""],[3,"normal",0,0.66,0.66,-122.8,-206.8,0,0,"1.00",""],[4,"normal",0,1,1,-171,10,0,0,"1.00",""]],"index":106},{"eventStr":"","list":[[0,"normal",0,1,1,-270,-439,0,0,"1.00",""],[1,"normal",0,1,1,-270,234,0,0,"1.00",""],[2,"normal",0,1,1,-270,-755,0,0,"1.00",""],[3,"normal",0,0.66,0.66,-122.8,-206.8,0,0,"1.00",""],[4,"normal",0,1,1,-171,10,0,0,"1.00",""]],"index":107},{"eventStr":"","list":[[0,"normal",0,1,1,-270,-439,0,0,"1.00",""],[1,"normal",0,1,1,-270,234,0,0,"1.00",""],[2,"normal",0,1,1,-270,-755,0,0,"1.00",""],[3,"normal",0,0.66,0.66,-122.8,-206.8,0,0,"1.00",""],[4,"normal",0,1,1,-171,10,0,0,"1.00",""]],"index":108},{"eventStr":"","list":[[0,"normal",0,1,1,-270,-439,0,0,"1.00",""],[1,"normal",0,1,1,-270,234,0,0,"1.00",""],[2,"normal",0,1,1,-270,-755,0,0,"1.00",""],[3,"normal",0,0.66,0.66,-122.8,-206.8,0,0,"1.00",""],[4,"normal",0,1,1,-171,10,0,0,"1.00",""]],"index":109},{"eventStr":"","list":[[0,"normal",0,1,1,-270,-439,0,0,"1.00",""],[1,"normal",0,1,1,-270,234,0,0,"1.00",""],[2,"normal",0,1,1,-270,-755,0,0,"1.00",""],[3,"normal",0,0.66,0.66,-122.8,-206.8,0,0,"1.00",""],[4,"normal",0,1,1,-171,10,0,0,"1.00",""]],"index":110},{"eventStr":"","list":[[0,"normal",0,1,1,-270,-439,0,0,"1.00",""],[1,"normal",0,1,1,-270,234,0,0,"1.00",""],[2,"normal",0,1,1,-270,-755,0,0,"1.00",""],[3,"normal",0,0.66,0.66,-122.8,-206.8,0,0,"1.00",""],[4,"normal",0,1,1,-171,10,0,0,"1.00",""]],"index":111},{"eventStr":"","list":[[0,"normal",0,1,1,-270,-439,0,0,"1.00",""],[1,"normal",0,1,1,-270,234,0,0,"1.00",""],[2,"normal",0,1,1,-270,-755,0,0,"1.00",""],[3,"normal",0,0.66,0.66,-122.8,-206.8,0,0,"1.00",""],[4,"normal",0,1,1,-171,10,0,0,"1.00",""]],"index":112},{"eventStr":"","list":[[0,"normal",0,1,1,-270,-439,0,0,"1.00",""],[1,"normal",0,1,1,-270,234,0,0,"1.00",""],[2,"normal",0,1,1,-270,-755,0,0,"1.00",""],[3,"normal",0,0.66,0.66,-122.8,-206.8,0,0,"1.00",""],[4,"normal",0,1,1,-171,10,0,0,"1.00",""]],"index":113},{"eventStr":"","list":[[0,"normal",0,1,1,-270,-439,0,0,"1.00",""],[1,"normal",0,1,1,-270,234,0,0,"1.00",""],[2,"normal",0,1,1,-270,-755,0,0,"1.00",""],[3,"normal",0,0.66,0.66,-122.8,-206.8,0,0,"1.00",""],[4,"normal",0,1,1,-171,10,0,0,"1.00",""]],"index":114},{"eventStr":"","list":[[0,"normal",0,1,1,-270,-439,0,0,"1.00",""],[1,"normal",0,1,1,-270,234,0,0,"1.00",""],[2,"normal",0,1,1,-270,-755,0,0,"1.00",""],[3,"normal",0,0.66,0.66,-122.8,-206.8,0,0,"1.00",""],[4,"normal",0,1,1,-171,10,0,0,"1.00",""]],"index":115},{"eventStr":"","list":[[0,"normal",0,1,1,-270,-439,0,0,"1.00",""],[1,"normal",0,1,1,-270,234,0,0,"1.00",""],[2,"normal",0,1,1,-270,-755,0,0,"1.00",""],[3,"normal",0,0.66,0.66,-122.8,-206.8,0,0,"1.00",""],[4,"normal",0,1,1,-171,10,0,0,"1.00",""]],"index":116},{"eventStr":"","list":[[0,"normal",0,1,1,-270,-439,0,0,"1.00",""],[1,"normal",0,1,1,-270,234,0,0,"1.00",""],[2,"normal",0,1,1,-270,-755,0,0,"1.00",""],[3,"normal",0,0.66,0.66,-122.8,-206.8,0,0,"1.00",""],[4,"normal",0,1,1,-171,10,0,0,"1.00",""]],"index":117},{"eventStr":"","list":[[0,"normal",0,1,1,-270,-439,0,0,"1.00",""],[1,"normal",0,1,1,-270,234,0,0,"1.00",""],[2,"normal",0,1,1,-270,-755,0,0,"1.00",""],[3,"normal",0,0.66,0.66,-122.8,-206.8,0,0,"1.00",""],[4,"normal",0,1,1,-171,10,0,0,"1.00",""]],"index":118},{"eventStr":"","list":[[0,"normal",0,1,1,-270,-439,0,0,"1.00",""],[1,"normal",0,1,1,-270,234,0,0,"1.00",""],[2,"normal",0,1,1,-270,-755,0,0,"1.00",""],[3,"normal",0,0.66,0.66,-122.8,-206.8,0,0,"1.00",""],[4,"normal",0,1,1,-171,10,0,0,"1.00",""]],"index":119},{"eventStr":"","list":[[0,"normal",0,1,1,-270,-439,0,0,"1.00",""],[1,"normal",0,1,1,-270,234,0,0,"1.00",""],[2,"normal",0,1,1,-270,-755,0,0,"1.00",""],[3,"normal",0,0.66,0.66,-122.8,-206.8,0,0,"1.00",""],[4,"normal",0,1,1,-171,10,0,0,"1.00",""]],"index":120},{"eventStr":"","list":[[0,"normal",0,1,1,-270,-439,0,0,"1.00",""],[1,"normal",0,1,1,-270,234,0,0,"1.00",""],[2,"normal",0,1,1,-270,-755,0,0,"1.00",""],[3,"normal",0,0.66,0.66,-122.8,-206.8,0,0,"1.00",""],[4,"normal",0,1,1,-171,10,0,0,"1.00",""]],"index":121}],"imageArr":["peng_hongbao_3.png","peng_hongbao_2.png","peng_hongbao_1.png","gongxi.png","zhuanru.png"],"mcConfig":{"totalFrames":121,"ver":4}}