{"mcConfig":{"totalFrames":108,"ver":4},"imageArr":["ji_hb1.png"],"frames":[{"list":[[0,"normal",0,1,1,-33.5,-26,0,0,"1.00"]],"index":1,"eventStr":""},{"list":[[0,"normal",84.2,1,1,22.5,-72.8,84.24,84.24,"1.00"]],"index":2,"eventStr":""},{"list":[[0,"normal",165.2,1,1,39,-55.8,165.19,165.19,"1.00"]],"index":3,"eventStr":""},{"list":[[0,"normal",-117.3,1,1,-7.8,-64.3,-117.34,-117.34,"1.00"]],"index":4,"eventStr":""},{"list":[[0,"normal",-43.4,1,1,-42.3,-134.5,-43.37,-43.37,"1.00"]],"index":5,"eventStr":""},{"list":[[0,"normal",27.3,1,1,-17.8,-207.8,27.3,27.3,"1.00"]],"index":6,"eventStr":""},{"list":[[0,"normal",94.5,1,1,28.5,-230,94.52,94.52,"1.00"]],"index":7,"eventStr":""},{"list":[[0,"normal",158.5,1,1,40.8,-214.8,158.47,158.47,"1.00"]],"index":8,"eventStr":""},{"list":[[0,"normal",-141.1,1,1,9.8,-211.8,-141.12,-141.12,"1.00"]],"index":9,"eventStr":""},{"list":[[0,"normal",-84,1,1,-29.3,-247.5,-83.97,-83.97,"1.00"]],"index":10,"eventStr":""},{"list":[[0,"normal",-30.1,1,1,-42,-307.3,-30.09,-30.09,"1.00"]],"index":11,"eventStr":""},{"list":[[0,"normal",20.1,1,1,-22.5,-359.5,20.07,20.07,"1.00"]],"index":12,"eventStr":""},{"list":[[0,"normal",67.2,1,1,11,-385.3,67.2,67.2,"1.00"]],"index":13,"eventStr":""},{"list":[[0,"normal",110.6,1,1,36,-385.5,110.58,110.58,"1.00"]],"index":14,"eventStr":""},{"list":[[0,"normal",150.9,1,1,41.8,-374.3,150.93,150.93,"1.00"]],"index":15,"eventStr":""},{"list":[[0,"normal",-172.4,1,1,29.8,-366.5,-172.45,-172.45,"1.00"]],"index":16,"eventStr":""},{"list":[[0,"normal",-138.9,1,1,8.3,-370,-138.9,-138.9,"1.00"]],"index":17,"eventStr":""},{"list":[[0,"normal",-108.8,1,1,-13.8,-384.5,-108.81,-108.81,"1.00"]],"index":18,"eventStr":""},{"list":[[0,"normal",-82.4,1,1,-30.3,-406.5,-82.44,-82.44,"1.00"]],"index":19,"eventStr":""},{"list":[[0,"normal",-59.1,1,1,-39.5,-430.8,-59.15,-59.15,"1.00"]],"index":20,"eventStr":""},{"list":[[0,"normal",-39.1,1,1,-42.3,-454,-39.13,-39.13,"1.00"]],"index":21,"eventStr":""},{"list":[[0,"normal",-22.6,1,1,-40.8,-473.5,-22.59,-22.59,"1.00"]],"index":22,"eventStr":""},{"list":[[0,"normal",-9.6,1,1,-37.3,-488,-9.55,-9.55,"1.00"]],"index":23,"eventStr":""},{"list":[[0,"normal",0,1,1,-33.5,-498.3,0,0,"1.00"]],"index":24,"eventStr":""},{"list":[[0,"normal",0,1,1,-33.5,-499,0,0,"1.00"]],"index":25,"eventStr":""},{"list":[[0,"normal",0,1,1,-33.5,-499.8,0,0,"1.00"]],"index":26,"eventStr":""},{"list":[[0,"normal",0,1,1,-33.5,-500.8,0,0,"1.00"]],"index":27,"eventStr":""},{"list":[[0,"normal",0,1,1,-33.5,-501.5,0,0,"1.00"]],"index":28,"eventStr":""},{"list":[[0,"normal",0,1,1,-33.5,-502.5,0,0,"1.00"]],"index":29,"eventStr":""},{"list":[[0,"normal",0,1,1,-33.5,-503.3,0,0,"1.00"]],"index":30,"eventStr":""},{"list":[[0,"normal",0,1,1,-33.5,-504.3,0,0,"1.00"]],"index":31,"eventStr":""},{"list":[[0,"normal",0,1,1,-33.5,-505,0,0,"1.00"]],"index":32,"eventStr":""},{"list":[[0,"normal",0,1,1,-33.5,-505.8,0,0,"1.00"]],"index":33,"eventStr":""},{"list":[[0,"normal",0,1,1,-33.5,-506.8,0,0,"1.00"]],"index":34,"eventStr":""},{"list":[[0,"normal",0,1,1,-33.5,-507.5,0,0,"1.00"]],"index":35,"eventStr":""},{"list":[[0,"normal",0,1,1,-33.5,-508.5,0,0,"1.00"]],"index":36,"eventStr":""},{"list":[[0,"normal",0,1,1,-33.5,-509.3,0,0,"1.00"]],"index":37,"eventStr":""},{"list":[[0,"normal",0,1,1,-33.5,-510.3,0,0,"1.00"]],"index":38,"eventStr":""},{"list":[[0,"normal",0,1,1,-33.5,-511,0,0,"1.00"]],"index":39,"eventStr":""},{"list":[[0,"normal",0,1,1,-33.5,-511.8,0,0,"1.00"]],"index":40,"eventStr":""},{"list":[[0,"normal",0,1,1,-33.5,-512.8,0,0,"1.00"]],"index":41,"eventStr":""},{"list":[[0,"normal",0,1,1,-33.5,-513.5,0,0,"1.00"]],"index":42,"eventStr":""},{"list":[[0,"normal",0,1,1,-33.5,-514.5,0,0,"1.00"]],"index":43,"eventStr":""},{"list":[[0,"normal",0,1,1,-33.5,-515.3,0,0,"1.00"]],"index":44,"eventStr":""},{"list":[[0,"normal",0,1,1,-33.5,-516.3,0,0,"1.00"]],"index":45,"eventStr":""},{"list":[[0,"normal",0,1,1,-33.5,-515.3,0,0,"1.00"]],"index":46,"eventStr":""},{"list":[[0,"normal",0,1,1,-33.5,-514.3,0,0,"1.00"]],"index":47,"eventStr":""},{"list":[[0,"normal",0,1,1,-33.5,-513.3,0,0,"1.00"]],"index":48,"eventStr":""},{"list":[[0,"normal",0,1,1,-33.5,-512.3,0,0,"1.00"]],"index":49,"eventStr":""},{"list":[[0,"normal",0,1,1,-33.5,-511.5,0,0,"1.00"]],"index":50,"eventStr":""},{"list":[[0,"normal",0,1,1,-33.5,-510.5,0,0,"1.00"]],"index":51,"eventStr":""},{"list":[[0,"normal",0,1,1,-33.5,-509.5,0,0,"1.00"]],"index":52,"eventStr":""},{"list":[[0,"normal",0,1,1,-33.5,-508.5,0,0,"1.00"]],"index":53,"eventStr":""},{"list":[[0,"normal",0,1,1,-33.5,-507.5,0,0,"1.00"]],"index":54,"eventStr":""},{"list":[[0,"normal",0,1,1,-33.5,-506.8,0,0,"1.00"]],"index":55,"eventStr":""},{"list":[[0,"normal",0,1,1,-33.5,-505.8,0,0,"1.00"]],"index":56,"eventStr":""},{"list":[[0,"normal",0,1,1,-33.5,-504.8,0,0,"1.00"]],"index":57,"eventStr":""},{"list":[[0,"normal",0,1,1,-33.5,-503.8,0,0,"1.00"]],"index":58,"eventStr":""},{"list":[[0,"normal",0,1,1,-33.5,-503,0,0,"1.00"]],"index":59,"eventStr":""},{"list":[[0,"normal",0,1,1,-33.5,-502,0,0,"1.00"]],"index":60,"eventStr":""},{"list":[[0,"normal",0,1,1,-33.5,-501,0,0,"1.00"]],"index":61,"eventStr":""},{"list":[[0,"normal",0,1,1,-33.5,-500,0,0,"1.00"]],"index":62,"eventStr":""},{"list":[[0,"normal",0,1,1,-33.5,-499,0,0,"1.00"]],"index":63,"eventStr":""},{"list":[[0,"normal",0,1,1,-33.5,-498.3,0,0,"1.00"]],"index":64,"eventStr":""},{"list":[[0,"normal",0,1,1,-33.5,-499,0,0,"1.00"]],"index":65,"eventStr":""},{"list":[[0,"normal",0,1,1,-33.5,-499.8,0,0,"1.00"]],"index":66,"eventStr":""},{"list":[[0,"normal",0,1,1,-33.5,-500.5,0,0,"1.00"]],"index":67,"eventStr":""},{"list":[[0,"normal",0,1,1,-33.5,-501.3,0,0,"1.00"]],"index":68,"eventStr":""},{"list":[[0,"normal",0,1,1,-33.5,-502,0,0,"1.00"]],"index":69,"eventStr":""},{"list":[[0,"normal",0,1,1,-33.5,-502.8,0,0,"1.00"]],"index":70,"eventStr":""},{"list":[[0,"normal",0,1,1,-33.5,-503.8,0,0,"1.00"]],"index":71,"eventStr":""},{"list":[[0,"normal",0,1,1,-33.5,-504.5,0,0,"1.00"]],"index":72,"eventStr":""},{"list":[[0,"normal",0,1,1,-33.5,-505.3,0,0,"1.00"]],"index":73,"eventStr":""},{"list":[[0,"normal",0,1,1,-33.5,-506,0,0,"1.00"]],"index":74,"eventStr":""},{"list":[[0,"normal",0,1,1,-33.5,-506.8,0,0,"1.00"]],"index":75,"eventStr":""},{"list":[[0,"normal",0,1,1,-33.5,-507.5,0,0,"1.00"]],"index":76,"eventStr":""},{"list":[[0,"normal",0,1,1,-33.5,-508.3,0,0,"1.00"]],"index":77,"eventStr":""},{"list":[[0,"normal",0,1,1,-33.5,-509,0,0,"1.00"]],"index":78,"eventStr":""},{"list":[[0,"normal",0,1,1,-33.5,-510,0,0,"1.00"]],"index":79,"eventStr":""},{"list":[[0,"normal",0,1,1,-33.5,-510.8,0,0,"1.00"]],"index":80,"eventStr":""},{"list":[[0,"normal",0,1,1,-33.5,-511.5,0,0,"1.00"]],"index":81,"eventStr":""},{"list":[[0,"normal",0,1,1,-33.5,-512.3,0,0,"1.00"]],"index":82,"eventStr":""},{"list":[[0,"normal",0,1,1,-33.5,-513,0,0,"1.00"]],"index":83,"eventStr":""},{"list":[[0,"normal",0,1,1,-33.5,-513.8,0,0,"1.00"]],"index":84,"eventStr":""},{"list":[[0,"normal",0,1,1,-33.5,-514.5,0,0,"1.00"]],"index":85,"eventStr":""},{"list":[[0,"normal",0,1,1,-33.5,-515.3,0,0,"1.00"]],"index":86,"eventStr":""},{"list":[[0,"normal",0,1,1,-33.5,-516.3,0,0,"1.00"]],"index":87,"eventStr":""},{"list":[[0,"normal",0,1,1,-33.5,-515.3,0,0,"1.00"]],"index":88,"eventStr":""},{"list":[[0,"normal",0,1,1,-33.5,-514.5,0,0,"1.00"]],"index":89,"eventStr":""},{"list":[[0,"normal",0,1,1,-33.5,-513.5,0,0,"1.00"]],"index":90,"eventStr":""},{"list":[[0,"normal",0,1,1,-33.5,-512.8,0,0,"1.00"]],"index":91,"eventStr":""},{"list":[[0,"normal",0,1,1,-33.5,-511.8,0,0,"1.00"]],"index":92,"eventStr":""},{"list":[[0,"normal",0,1,1,-33.5,-511,0,0,"1.00"]],"index":93,"eventStr":""},{"list":[[0,"normal",0,1,1,-33.5,-510.3,0,0,"1.00"]],"index":94,"eventStr":""},{"list":[[0,"normal",0,1,1,-33.5,-509.3,0,0,"1.00"]],"index":95,"eventStr":""},{"list":[[0,"normal",0,1,1,-33.5,-508.5,0,0,"1.00"]],"index":96,"eventStr":""},{"list":[[0,"normal",0,1,1,-33.5,-507.5,0,0,"1.00"]],"index":97,"eventStr":""},{"list":[[0,"normal",0,1,1,-33.5,-506.8,0,0,"1.00"]],"index":98,"eventStr":""},{"list":[[0,"normal",0,1,1,-33.5,-505.8,0,0,"1.00"]],"index":99,"eventStr":""},{"list":[[0,"normal",0,1,1,-33.5,-505,0,0,"1.00"]],"index":100,"eventStr":""},{"list":[[0,"normal",0,1,1,-33.5,-504.3,0,0,"1.00"]],"index":101,"eventStr":""},{"list":[[0,"normal",0,1,1,-33.5,-503.3,0,0,"1.00"]],"index":102,"eventStr":""},{"list":[[0,"normal",0,1,1,-33.5,-502.5,0,0,"1.00"]],"index":103,"eventStr":""},{"list":[[0,"normal",0,1,1,-33.5,-501.5,0,0,"1.00"]],"index":104,"eventStr":""},{"list":[[0,"normal",0,1,1,-33.5,-500.8,0,0,"1.00"]],"index":105,"eventStr":""},{"list":[[0,"normal",0,1,1,-33.5,-499.8,0,0,"1.00"]],"index":106,"eventStr":""},{"list":[[0,"normal",0,1,1,-33.5,-499,0,0,"1.00"]],"index":107,"eventStr":""},{"list":[[0,"normal",0,1,1,-33.5,-498.3,0,0,"1.00"]],"index":108,"eventStr":""}]}