{"frames":[{"eventStr":"","list":[[0,"normal",0,0.47,0.47,-106.3,-143,0,0,"1.00"]],"index":1},{"eventStr":"","list":[[0,"normal",0,0.65,0.65,-148.5,-200,0,0,"1.00"]],"index":2},{"eventStr":"","list":[[0,"normal",0,0.84,0.84,-191,-257,0,0,"1.00"]],"index":3},{"eventStr":"","list":[[0,"normal",0,1.02,1.02,-233.3,-314,0,0,"1.00"]],"index":4},{"eventStr":"","list":[[0,"normal",0,1.21,1.21,-275.5,-371,0,0,"1.00"]],"index":5},{"eventStr":"","list":[[0,"normal",0,1.17,1.17,-267.8,-360.3,0,0,"1.00"],[1,"normal",0,0.88,0.88,-149,-175.8,0,0,"1.00"]],"index":6},{"eventStr":"","list":[[0,"normal",0,1.14,1.14,-259.8,-349.8,0,0,"1.00"],[1,"normal",0,1.01,1.01,-172,-180.5,0,0,"1.00"]],"index":7},{"eventStr":"","list":[[0,"normal",0,1.1,1.1,-251.8,-339,0,0,"1.00"],[1,"normal",0,1.13,1.13,-195,-185.3,0,0,"1.00"],[2,"normal",0,0.87,0.87,-128,-65.5,0,0,"1.00"]],"index":8},{"eventStr":"","list":[[0,"normal",0,1.07,1.07,-243.8,-328.3,0,0,"1.00"],[1,"normal",0,1.09,1.09,-187,-183.5,0,0,"1.00"],[2,"normal",0,0.99,0.99,-146.8,-68,0,0,"1.00"]],"index":9},{"eventStr":"","list":[[0,"normal",0,1.03,1.03,-236,-317.8,0,0,"1.00"],[1,"normal",0,1.04,1.04,-179,-181.8,0,0,"1.00"],[2,"normal",0,1.12,1.12,-165.5,-70.3,0,0,"1.00"]],"index":10},{"eventStr":"","list":[[0,"normal",0,1,1,-228,-307,0,0,"1.00"],[1,"normal",0,1,1,-171,-180,0,0,"1.00"],[2,"normal",0,1.08,1.08,-159.5,-69.5,0,0,"1.00"]],"index":11},{"eventStr":"","list":[[0,"normal",0,1,1,-228,-307,0,0,"1.00"],[1,"normal",0,1,1,-171,-180,0,0,"1.00"],[2,"normal",0,1.04,1.04,-153.5,-68.8,0,0,"1.00"]],"index":12},{"eventStr":"","list":[[0,"normal",0,1,1,-228,-307,0,0,"1.00"],[1,"normal",0,1,1,-171,-180,0,0,"1.00"],[2,"normal",0,1,1,-147.5,-68,0,0,"1.00"]],"index":13},{"eventStr":"","list":[[0,"normal",0,1,1,-228,-307,0,0,"1.00"],[1,"normal",0,1,1,-171,-180,0,0,"1.00"],[2,"normal",0,1,1,-147.5,-68,0,0,"1.00"]],"index":14},{"eventStr":"","list":[[0,"normal",0,1,1,-228,-307,0,0,"1.00"],[1,"normal",0,1,1,-171,-180,0,0,"1.00"],[2,"normal",0,1,1,-147.5,-68,0,0,"1.00"]],"index":15},{"eventStr":"","list":[[0,"normal",0,1,1,-228,-307,0,0,"1.00"],[1,"normal",0,1,1,-171,-180,0,0,"1.00"],[2,"normal",0,1,1,-147.5,-68,0,0,"1.00"]],"index":16},{"eventStr":"","list":[[0,"normal",0,1,1,-228,-307,0,0,"1.00"],[1,"normal",0,1,1,-171,-180,0,0,"1.00"],[2,"normal",0,1,1,-147.5,-68,0,0,"1.00"]],"index":17},{"eventStr":"","list":[[0,"normal",0,1,1,-228,-307,0,0,"1.00"],[1,"normal",0,1,1,-171,-180,0,0,"1.00"],[2,"normal",0,1,1,-147.5,-68,0,0,"1.00"]],"index":18},{"eventStr":"","list":[[0,"normal",0,1,1,-228,-307,0,0,"1.00"],[1,"normal",0,1,1,-171,-180,0,0,"1.00"],[2,"normal",0,1,1,-147.5,-68,0,0,"1.00"]],"index":19},{"eventStr":"","list":[[0,"normal",0,1,1,-228,-307,0,0,"1.00"],[1,"normal",0,1,1,-171,-180,0,0,"1.00"],[2,"normal",0,1,1,-147.5,-68,0,0,"1.00"]],"index":20},{"eventStr":"","list":[[0,"normal",0,1,1,-228,-307,0,0,"1.00"],[1,"normal",0,1,1,-171,-180,0,0,"1.00"],[2,"normal",0,1,1,-147.5,-68,0,0,"1.00"]],"index":21},{"eventStr":"","list":[[0,"normal",0,1,1,-228,-307,0,0,"1.00"],[1,"normal",0,1,1,-171,-180,0,0,"1.00"],[2,"normal",0,1,1,-147.5,-68,0,0,"1.00"]],"index":22},{"eventStr":"","list":[[0,"normal",0,1,1,-228,-307,0,0,"1.00"],[1,"normal",0,1,1,-171,-180,0,0,"1.00"],[2,"normal",0,1,1,-147.5,-68,0,0,"1.00"]],"index":23},{"eventStr":"","list":[[0,"normal",0,1,1,-228,-307,0,0,"1.00"],[1,"normal",0,1,1,-171,-180,0,0,"1.00"],[2,"normal",0,1,1,-147.5,-68,0,0,"1.00"]],"index":24},{"eventStr":"","list":[[0,"normal",0,1,1,-228,-307,0,0,"1.00"],[1,"normal",0,1,1,-171,-180,0,0,"1.00"],[2,"normal",0,1,1,-147.5,-68,0,0,"1.00"]],"index":25},{"eventStr":"","list":[[0,"normal",0,1,1,-228,-307,0,0,"1.00"],[1,"normal",0,1,1,-171,-180,0,0,"1.00"],[2,"normal",0,1,1,-147.5,-68,0,0,"1.00"]],"index":26},{"eventStr":"","list":[[0,"normal",0,1,1,-228,-307,0,0,"1.00"],[1,"normal",0,1,1,-171,-180,0,0,"1.00"],[2,"normal",0,1,1,-147.5,-68,0,0,"1.00"]],"index":27},{"eventStr":"","list":[[0,"normal",0,1,1,-228,-307,0,0,"1.00"],[1,"normal",0,1,1,-171,-180,0,0,"1.00"],[2,"normal",0,1,1,-147.5,-68,0,0,"1.00"]],"index":28},{"eventStr":"","list":[[0,"normal",0,1,1,-228,-307,0,0,"1.00"],[1,"normal",0,1,1,-171,-180,0,0,"1.00"],[2,"normal",0,1,1,-147.5,-68,0,0,"1.00"],[3,"normal",0,1,1,-27,-360,0,0,"1.00"]],"index":29},{"eventStr":"","list":[[0,"normal",0,1,1,-228,-307,0,0,"1.00"],[1,"normal",0,1,1,-171,-180,0,0,"1.00"],[2,"normal",0,1,1,-147.5,-68,0,0,"1.00"],[3,"normal",0,1,1,-27,-306,0,0,"1.00"]],"index":30},{"eventStr":"","list":[[0,"normal",0,1,1,-228,-307,0,0,"1.00"],[1,"normal",0,1,1,-171,-180,0,0,"1.00"],[2,"normal",0,1,1,-147.5,-68,0,0,"1.00"],[3,"normal",0,1,1,-27,-252,0,0,"1.00"]],"index":31},{"eventStr":"","list":[[0,"normal",0,1,1,-228,-307,0,0,"1.00"],[1,"normal",0,1,1,-171,-180,0,0,"1.00"],[2,"normal",0,1,1,-147.5,-68,0,0,"1.00"],[3,"normal",0,1,1,-27,-256,0,0,"1.00"]],"index":32},{"eventStr":"","list":[[0,"normal",0,1,1,-228,-307,0,0,"1.00"],[1,"normal",0,1,1,-171,-180,0,0,"1.00"],[2,"normal",0,1,1,-147.5,-68,0,0,"1.00"],[3,"normal",0,1,1,-27,-260,0,0,"1.00"]],"index":33},{"eventStr":"","list":[[0,"normal",0,1,1,-228,-307,0,0,"1.00"],[1,"normal",0,1,1,-171,-180,0,0,"1.00"],[2,"normal",0,1,1,-147.5,-68,0,0,"1.00"],[3,"normal",0,1,1,-27,-256,0,0,"1.00"]],"index":34},{"eventStr":"","list":[[0,"normal",0,1,1,-228,-307,0,0,"1.00"],[1,"normal",0,1,1,-171,-180,0,0,"1.00"],[2,"normal",0,1,1,-147.5,-68,0,0,"1.00"],[3,"normal",0,1,1,-27,-252,0,0,"1.00"]],"index":35},{"eventStr":"","list":[[0,"normal",0,1,1,-228,-307,0,0,"1.00"],[1,"normal",0,1,1,-171,-180,0,0,"1.00"],[2,"normal",0,1,1,-147.5,-68,0,0,"1.00"],[3,"normal",0,1,1,-27,-254,0,0,"1.00"]],"index":36},{"eventStr":"","list":[[0,"normal",0,1,1,-228,-307,0,0,"1.00"],[1,"normal",0,1,1,-171,-180,0,0,"1.00"],[2,"normal",0,1,1,-147.5,-68,0,0,"1.00"],[3,"normal",0,1,1,-27,-256,0,0,"1.00"]],"index":37},{"eventStr":"","list":[[0,"normal",0,1,1,-228,-307,0,0,"1.00"],[1,"normal",0,1,1,-171,-180,0,0,"1.00"],[2,"normal",0,1,1,-147.5,-68,0,0,"1.00"],[3,"normal",0,1,1,-27,-254,0,0,"1.00"]],"index":38},{"eventStr":"","list":[[0,"normal",0,1,1,-228,-307,0,0,"1.00"],[1,"normal",0,1,1,-171,-180,0,0,"1.00"],[2,"normal",0,1,1,-147.5,-68,0,0,"1.00"],[3,"normal",0,1,1,-27,-252,0,0,"1.00"]],"index":39},{"eventStr":"","list":[[0,"normal",0,1,1,-228,-307,0,0,"1.00"],[1,"normal",0,1,1,-171,-180,0,0,"1.00"],[2,"normal",0,1,1,-147.5,-68,0,0,"1.00"],[3,"normal",0,1,1,-27,-252,0,0,"1.00"]],"index":40}],"mcConfig":{"ver":4,"totalFrames":40},"imageArr":["yw_bg.png","yw_a.png","yw_hd.png","yw_01.png"]}