{"frames":[{"eventStr":"","list":[],"index":1},{"eventStr":"","list":[],"index":2},{"eventStr":"","list":[],"index":3},{"eventStr":"","list":[],"index":4},{"eventStr":"","list":[],"index":5},{"eventStr":"","list":[[0,"normal",0,0.85,0.85,-16,-175,0,0,"1.00"]],"index":6},{"eventStr":"","list":[[0,"normal",0,0.99,0.99,-26.5,-180.8,0,0,"1.00"]],"index":7},{"eventStr":"","list":[[0,"normal",0,1.14,1.14,-37,-186.5,0,0,"1.00"]],"index":8},{"eventStr":"","list":[[0,"normal",0,1.09,1.09,-33.8,-184.5,0,0,"1.00"]],"index":9},{"eventStr":"","list":[[0,"normal",0,1.05,1.05,-30.3,-182.8,0,0,"1.00"]],"index":10},{"eventStr":"","list":[[0,"normal",0,1,1,-27,-181,0,0,"1.00"]],"index":11},{"eventStr":"","list":[[0,"normal",0,1,1,-27,-181,0,0,"1.00"]],"index":12},{"eventStr":"","list":[[0,"normal",0,1,1,-27,-181,0,0,"1.00"]],"index":13},{"eventStr":"","list":[[0,"normal",0,1,1,-27,-181,0,0,"1.00"]],"index":14},{"eventStr":"","list":[[0,"normal",0,1,1,-27,-181,0,0,"1.00"]],"index":15},{"eventStr":"","list":[[0,"normal",0,1,1,-27,-181,0,0,"1.00"]],"index":16},{"eventStr":"","list":[[0,"normal",0,1,1,-27,-181,0,0,"1.00"]],"index":17},{"eventStr":"","list":[[0,"normal",0,1,1,-27,-181,0,0,"1.00"]],"index":18},{"eventStr":"","list":[[0,"normal",0,1,1,-27,-181,0,0,"1.00"]],"index":19},{"eventStr":"","list":[[0,"normal",0,1,1,-27,-181,0,0,"1.00"],[1,"normal",0,0.8,0.8,-26.5,-170.8,0,0,"0.00"]],"index":20},{"eventStr":"","list":[[0,"normal",0,1,1,-27,-181,0,0,"1.00"],[1,"normal",0,0.84,0.84,-30,-172.3,0,0,"0.20"]],"index":21},{"eventStr":"","list":[[0,"normal",0,1,1,-27,-181,0,0,"1.00"],[1,"normal",0,0.88,0.88,-33.5,-173.5,0,0,"0.40"]],"index":22},{"eventStr":"","list":[[0,"normal",0,1,1,-27,-181,0,0,"1.00"],[1,"normal",0,0.92,0.92,-37,-174.8,0,0,"0.60"]],"index":23},{"eventStr":"","list":[[0,"normal",0,1,1,-27,-181,0,0,"1.00"],[1,"normal",0,0.96,0.96,-40.5,-176.3,0,0,"0.80"]],"index":24},{"eventStr":"","list":[[0,"normal",0,1,1,-27,-181,0,0,"1.00"],[1,"normal",0,1,1,-44,-177.5,0,0,"1.00"]],"index":25},{"eventStr":"","list":[[0,"normal",0,1,1,-27,-181,0,0,"1.00"],[1,"normal",0,1,1,-44,-177.5,0,0,"1.00"]],"index":26},{"eventStr":"","list":[[0,"normal",0,1,1,-27,-181,0,0,"1.00"],[1,"normal",0,1,1,-44,-177.5,0,0,"1.00"]],"index":27},{"eventStr":"","list":[[0,"normal",0,1,1,-27,-181,0,0,"1.00"],[1,"normal",0,1,1,-44,-177.5,0,0,"1.00"]],"index":28},{"eventStr":"","list":[[0,"normal",0,1,1,-27,-181,0,0,"1.00"],[1,"normal",0,1,1,-44,-177.5,0,0,"1.00"]],"index":29},{"eventStr":"","list":[[0,"normal",0,1,1,-27,-181,0,0,"1.00"],[1,"normal",0,1,1,-44,-177.5,0,0,"1.00"]],"index":30},{"eventStr":"","list":[[0,"normal",0,1,1,-27,-181,0,0,"1.00"],[1,"normal",0,1,1,-44,-177.5,0,0,"1.00"]],"index":31},{"eventStr":"","list":[[0,"normal",0,1,1,-27,-181,0,0,"1.00"],[1,"normal",0,1,1,-44,-177.5,0,0,"1.00"]],"index":32},{"eventStr":"","list":[[0,"normal",0,1,1,-27,-181,0,0,"1.00"],[1,"normal",0,1,1,-44,-177.5,0,0,"1.00"]],"index":33},{"eventStr":"","list":[[0,"normal",0,1,1,-27,-181,0,0,"1.00"],[1,"normal",0,1,1,-44,-177.5,0,0,"1.00"]],"index":34},{"eventStr":"","list":[[0,"normal",0,1,1,-27,-181,0,0,"1.00"],[1,"normal",0,1,1,-44,-177.5,0,0,"1.00"]],"index":35},{"eventStr":"","list":[[0,"normal",0,1,1,-27,-181,0,0,"1.00"],[1,"normal",0,1,1,-44,-177.5,0,0,"1.00"]],"index":36},{"eventStr":"","list":[[0,"normal",0,1,1,-27,-181,0,0,"1.00"],[1,"normal",0,1,1,-44,-177.5,0,0,"1.00"]],"index":37},{"eventStr":"","list":[[0,"normal",0,1,1,-27,-181,0,0,"1.00"],[1,"normal",0,1,1,-44,-177.5,0,0,"1.00"]],"index":38},{"eventStr":"","list":[[0,"normal",0,1,1,-27,-181,0,0,"1.00"],[1,"normal",0,1,1,-44,-177.5,0,0,"1.00"]],"index":39},{"eventStr":"","list":[[0,"normal",0,1,1,-27,-181,0,0,"1.00"],[1,"normal",0,1,1,-44,-177.5,0,0,"1.00"]],"index":40}],"mcConfig":{"ver":4,"totalFrames":40},"imageArr":["yw_02.png","yw_xx.png"]}