{"mcConfig":{"totalFrames":40,"ver":4},"imageArr":["yw_k1.png"],"frames":[{"eventStr":"","list":[],"index":1},{"eventStr":"","list":[],"index":2},{"eventStr":"","list":[],"index":3},{"eventStr":"","list":[],"index":4},{"eventStr":"","list":[],"index":5},{"eventStr":"","list":[],"index":6},{"eventStr":"","list":[],"index":7},{"eventStr":"","list":[],"index":8},{"eventStr":"","list":[],"index":9},{"eventStr":"","list":[[0,"normal",0,0.89,0.89,-90,-91.3,0,0,"1.00"]],"index":10},{"eventStr":"","list":[[0,"normal",0,1.03,1.03,-104,-105.5,0,0,"1.00"]],"index":11},{"eventStr":"","list":[[0,"normal",0,1.17,1.17,-118.3,-120,0,0,"1.00"]],"index":12},{"eventStr":"","list":[[0,"normal",0,1.11,1.11,-112.5,-114,0,0,"1.00"]],"index":13},{"eventStr":"","list":[[0,"normal",0,1.06,1.06,-106.8,-108.3,0,0,"1.00"]],"index":14},{"eventStr":"","list":[[0,"normal",0,1,1,-101,-102.5,0,0,"1.00"]],"index":15},{"eventStr":"","list":[[0,"normal",0,1,1,-101,-102.5,0,0,"1.00"]],"index":16},{"eventStr":"","list":[[0,"normal",0,1,1,-101,-102.5,0,0,"1.00"]],"index":17},{"eventStr":"","list":[[0,"normal",0,1,1,-101,-102.5,0,0,"1.00"]],"index":18},{"eventStr":"","list":[[0,"normal",0,1,1,-101,-102.5,0,0,"1.00"]],"index":19},{"eventStr":"","list":[[0,"normal",0,1,1,-101,-102.5,0,0,"1.00"]],"index":20},{"eventStr":"","list":[[0,"normal",0,1,1,-101,-102.5,0,0,"1.00"]],"index":21},{"eventStr":"","list":[[0,"normal",0,1,1,-101,-102.5,0,0,"1.00"]],"index":22},{"eventStr":"","list":[[0,"normal",0,1,1,-101,-102.5,0,0,"1.00"]],"index":23},{"eventStr":"","list":[[0,"normal",0,1,1,-101,-102.5,0,0,"1.00"]],"index":24},{"eventStr":"","list":[[0,"normal",0,1,1,-101,-102.5,0,0,"1.00"]],"index":25},{"eventStr":"","list":[[0,"normal",0,1,1,-101,-102.5,0,0,"1.00"]],"index":26},{"eventStr":"","list":[[0,"normal",0,1,1,-101,-102.5,0,0,"1.00"]],"index":27},{"eventStr":"","list":[[0,"normal",0,1,1,-101,-102.5,0,0,"1.00"]],"index":28},{"eventStr":"","list":[[0,"normal",0,1,1,-101,-102.5,0,0,"1.00"]],"index":29},{"eventStr":"","list":[[0,"normal",0,1,1,-101,-102.5,0,0,"1.00"]],"index":30},{"eventStr":"","list":[[0,"normal",0,1,1,-101,-102.5,0,0,"1.00"]],"index":31},{"eventStr":"","list":[[0,"normal",0,1,1,-101,-102.5,0,0,"1.00"]],"index":32},{"eventStr":"","list":[[0,"normal",0,1,1,-101,-102.5,0,0,"1.00"]],"index":33},{"eventStr":"","list":[[0,"normal",0,1,1,-101,-102.5,0,0,"1.00"]],"index":34},{"eventStr":"","list":[[0,"normal",0,1,1,-101,-102.5,0,0,"1.00"]],"index":35},{"eventStr":"","list":[[0,"normal",0,1,1,-101,-102.5,0,0,"1.00"]],"index":36},{"eventStr":"","list":[[0,"normal",0,1,1,-101,-102.5,0,0,"1.00"]],"index":37},{"eventStr":"","list":[[0,"normal",0,1,1,-101,-102.5,0,0,"1.00"]],"index":38},{"eventStr":"","list":[[0,"normal",0,1,1,-101,-102.5,0,0,"1.00"]],"index":39},{"eventStr":"","list":[[0,"normal",0,1,1,-101,-102.5,0,0,"1.00"]],"index":40}]}