{"imageArr":["sl_syxx.png"],"frames":[{"eventStr":"","list":[[0,"normal",0,0.35,0.35,-8.5,-8.3,0,0]],"index":1},{"eventStr":"","list":[[0,"normal",0,0.46,0.46,-11.3,-10.8,0,0]],"index":2},{"eventStr":"","list":[[0,"normal",0,0.57,0.57,-14,-13.3,0,0]],"index":3},{"eventStr":"","list":[[0,"normal",0,0.68,0.68,-16.5,-15.8,0,0]],"index":4},{"eventStr":"","list":[[0,"normal",0,0.78,0.78,-19.3,-18.5,0,0],[0,"normal",0,0.2,0.2,33.8,42.3,0,0]],"index":5},{"eventStr":"","list":[[0,"normal",0,0.89,0.89,-21.8,-21,0,0],[0,"normal",0,0.27,0.27,32.3,40.8,0,0]],"index":6},{"eventStr":"","list":[[0,"normal",0,1,1,-24.5,-23.5,0,0],[0,"normal",0,0.33,0.33,30.8,39.3,0,0]],"index":7},{"eventStr":"","list":[[0,"normal",0,0.91,0.91,-22.3,-21.3,0,0],[0,"normal",0,0.39,0.39,29.3,37.8,0,0]],"index":8},{"eventStr":"","list":[[0,"normal",0,0.81,0.81,-20,-19.3,0,0],[0,"normal",0,0.45,0.45,27.5,36.3,0,0],[0,"normal",0,0.2,0.2,248.8,-31.8,0,0]],"index":9},{"eventStr":"","list":[[0,"normal",0,0.72,0.72,-17.8,-17,0,0],[0,"normal",0,0.52,0.52,26,34.8,0,0],[0,"normal",0,0.27,0.27,247.3,-33.3,0,0]],"index":10},{"eventStr":"","list":[[0,"normal",0,0.63,0.63,-15.5,-14.8,0,0],[0,"normal",0,0.58,0.58,24.5,33.3,0,0],[0,"normal",0,0.33,0.33,245.8,-34.8,0,0]],"index":11},{"eventStr":"","list":[[0,"normal",0,0.54,0.54,-13,-12.5,0,0],[0,"normal",0,0.53,0.53,25.8,34.8,0,0],[0,"normal",0,0.39,0.39,244.3,-36.3,0,0]],"index":12},{"eventStr":"","list":[[0,"normal",0,0.44,0.44,-10.8,-10.5,0,0],[0,"normal",0,0.47,0.47,27.3,36,0,0],[0,"normal",0,0.45,0.45,242.5,-37.8,0,0]],"index":13},{"eventStr":"","list":[[0,"normal",0,0.35,0.35,-8.5,-8.3,0,0],[0,"normal",0,0.42,0.42,28.5,37.3,0,0],[0,"normal",0,0.52,0.52,241,-39.3,0,0]],"index":14},{"eventStr":"","list":[[0,"normal",0,0.36,0.36,29.8,38.5,0,0],[0,"normal",0,0.58,0.58,239.5,-40.8,0,0]],"index":15},{"eventStr":"","list":[[0,"normal",0,0.35,0.35,264.8,-23.5,0,0],[0,"normal",0,0.31,0.31,31.3,39.8,0,0],[0,"normal",0,0.53,0.53,240.8,-39.3,0,0]],"index":16},{"eventStr":"","list":[[0,"normal",0,0.46,0.46,262,-26,0,0],[0,"normal",0,0.26,0.26,32.5,41,0,0],[0,"normal",0,0.47,0.47,242.3,-38,0,0]],"index":17},{"eventStr":"","list":[[0,"normal",0,0.57,0.57,259.3,-28.5,0,0],[0,"normal",0,0.2,0.2,33.8,42.3,0,0],[0,"normal",0,0.42,0.42,243.5,-36.8,0,0]],"index":18},{"eventStr":"","list":[[0,"normal",0,0.68,0.68,256.8,-31,0,0],[0,"normal",0,0.36,0.36,244.8,-35.5,0,0]],"index":19},{"eventStr":"","list":[[0,"normal",0,0.78,0.78,254,-33.8,0,0],[0,"normal",0,0.31,0.31,246.3,-34.3,0,0]],"index":20},{"eventStr":"","list":[[0,"normal",0,0.89,0.89,251.5,-36.3,0,0],[0,"normal",0,0.26,0.26,247.5,-33,0,0]],"index":21},{"eventStr":"","list":[[0,"normal",0,1,1,248.8,-38.8,0,0],[0,"normal",0,0.26,0.26,228,44.8,0,0],[0,"normal",0,0.2,0.2,248.8,-31.8,0,0]],"index":22},{"eventStr":"","list":[[0,"normal",0,0.91,0.91,251,-36.5,0,0],[0,"normal",0,0.34,0.34,226,42.8,0,0]],"index":23},{"eventStr":"","list":[[0,"normal",0,0.81,0.81,253.3,-34.5,0,0],[0,"normal",0,0.42,0.42,224,41,0,0]],"index":24},{"eventStr":"","list":[[0,"normal",0,0.72,0.72,255.5,-32.3,0,0],[0,"normal",0,0.5,0.5,222,39,0,0],[0,"normal",0,0.26,0.26,34,4.3,0,0]],"index":25},{"eventStr":"","list":[[0,"normal",0,0.63,0.63,257.8,-30,0,0],[0,"normal",0,0.58,0.58,220,37.3,0,0],[0,"normal",0,0.34,0.34,32,2.3,0,0]],"index":26},{"eventStr":"","list":[[0,"normal",0,0.54,0.54,260.3,-27.8,0,0],[0,"normal",0,0.66,0.66,218,35.3,0,0],[0,"normal",0,0.42,0.42,30,0.5,0,0]],"index":27},{"eventStr":"","list":[[0,"normal",0,0.44,0.44,262.5,-25.8,0,0],[0,"normal",0,0.74,0.74,216,33.3,0,0],[0,"normal",0,0.5,0.5,28,-1.5,0,0]],"index":28},{"eventStr":"","list":[[0,"normal",0,0.35,0.35,264.8,-23.5,0,0],[0,"normal",0,0.67,0.67,217.8,35,0,0],[0,"normal",0,0.58,0.58,26,-3.3,0,0]],"index":29},{"eventStr":"","list":[[0,"normal",0,0.6,0.6,219.5,36.5,0,0],[0,"normal",0,0.66,0.66,24,-5.3,0,0]],"index":30},{"eventStr":"","list":[[0,"normal",0,0.53,0.53,221.3,38.3,0,0],[0,"normal",0,0.74,0.74,22,-7.3,0,0]],"index":31},{"eventStr":"","list":[[0,"normal",0,0.47,0.47,222.8,39.8,0,0],[0,"normal",0,0.67,0.67,23.8,-5.5,0,0]],"index":32},{"eventStr":"","list":[[0,"normal",0,0.4,0.4,224.5,41.5,0,0],[0,"normal",0,0.6,0.6,25.5,-4,0,0]],"index":33},{"eventStr":"","list":[[0,"normal",0,0.33,0.33,226.3,43,0,0],[0,"normal",0,0.53,0.53,27.3,-2.3,0,0]],"index":34},{"eventStr":"","list":[[0,"normal",0,0.26,0.26,228,44.8,0,0],[0,"normal",0,0.47,0.47,28.8,-0.8,0,0]],"index":35},{"eventStr":"","list":[[0,"normal",0,0.4,0.4,30.5,1,0,0]],"index":36},{"eventStr":"","list":[[0,"normal",0,0.33,0.33,32.3,2.5,0,0]],"index":37},{"eventStr":"","list":[[0,"normal",0,0.26,0.26,34,4.3,0,0]],"index":38},{"eventStr":"","list":[],"index":39},{"eventStr":"","list":[],"index":40},{"eventStr":"","list":[],"index":41}],"mcConfig":{"totalFrames":41,"ver":4}}