{"frames":[{"eventStr":"","list":[[0,"normal",0,0.55,0.55,-72.8,49.5,0,0,"1.00"]],"index":1},{"eventStr":"","list":[[0,"normal",0,0.71,0.71,-94,33,0,0,"1.00"]],"index":2},{"eventStr":"","list":[[0,"normal",0,0.87,0.87,-115.3,16.5,0,0,"1.00"]],"index":3},{"eventStr":"","list":[[0,"normal",0,1.03,1.03,-136.5,0,0,0,"1.00"]],"index":4},{"eventStr":"","list":[[0,"normal",0,1.2,1.2,-157.8,-16.5,0,0,"1.00"]],"index":5},{"eventStr":"","list":[[0,"normal",0,1.13,1.13,-149.3,-9.8,0,0,"1.00"]],"index":6},{"eventStr":"","list":[[0,"normal",0,1.07,1.07,-140.5,-3.3,0,0,"1.00"],[1,"normal",0,0.53,0.53,-63.5,298.5,0,0,"1.00"]],"index":7},{"eventStr":"","list":[[0,"normal",0,1,1,-132,3.5,0,0,"1.00"],[1,"normal",0,0.72,0.72,-88.8,273,0,0,"1.00"]],"index":8},{"eventStr":"","list":[[0,"normal",0,1,1,-132,3.5,0,0,"1.00"],[1,"normal",0,0.92,0.92,-113.8,247.8,0,0,"1.00"]],"index":9},{"eventStr":"","list":[[0,"normal",0,1,1,-132,3.5,0,0,"1.00"],[1,"normal",0,1.12,1.12,-138.8,222.3,0,0,"1.00"]],"index":10},{"eventStr":"","list":[[0,"normal",0,1,1,-132,3.5,0,0,"1.00"],[1,"normal",0,1.1,1.1,-136.3,224.8,0,0,"1.00"]],"index":11},{"eventStr":"","list":[[0,"normal",0,1,1,-132,3.5,0,0,"1.00"],[1,"normal",0,1.08,1.08,-134,227.3,0,0,"1.00"]],"index":12},{"eventStr":"","list":[[0,"normal",0,1,1,-132,3.5,0,0,"1.00"],[1,"normal",0,1.06,1.06,-131.5,229.8,0,0,"1.00"]],"index":13},{"eventStr":"","list":[[0,"normal",0,1,1,-132,3.5,0,0,"1.00"],[1,"normal",0,1.04,1.04,-129,232.3,0,0,"1.00"]],"index":14},{"eventStr":"","list":[[0,"normal",0,1,1,-132,3.5,0,0,"1.00"],[1,"normal",0,1.02,1.02,-126.5,234.8,0,0,"1.00"]],"index":15},{"eventStr":"","list":[[0,"normal",0,1,1,-132,3.5,0,0,"1.00"],[1,"normal",0,1,1,-124,237.3,0,0,"1.00"]],"index":16},{"eventStr":"","list":[[0,"normal",0,1,1,-132,3.5,0,0,"1.00"],[1,"normal",0,1,1,-124,237.3,0,0,"1.00"]],"index":17},{"eventStr":"","list":[[0,"normal",0,1,1,-132,3.5,0,0,"1.00"],[1,"normal",0,1,1,-124,237.3,0,0,"1.00"]],"index":18},{"eventStr":"","list":[[0,"normal",0,1,1,-132,3.5,0,0,"1.00"],[1,"normal",0,1,1,-124,237.3,0,0,"1.00"]],"index":19},{"eventStr":"","list":[[0,"normal",0,1,1,-132,3.5,0,0,"1.00"],[1,"normal",0,1,1,-124,237.3,0,0,"1.00"]],"index":20},{"eventStr":"","list":[[0,"normal",0,1,1,-132,3.5,0,0,"1.00"],[1,"normal",0,1,1,-124,237.3,0,0,"1.00"]],"index":21},{"eventStr":"","list":[[0,"normal",0,1,1,-132,3.5,0,0,"1.00"],[1,"normal",0,1,1,-124,237.3,0,0,"1.00"]],"index":22},{"eventStr":"","list":[[0,"normal",0,1,1,-132,3.5,0,0,"1.00"],[1,"normal",0,1,1,-124,237.3,0,0,"1.00"]],"index":23},{"eventStr":"","list":[[0,"normal",0,1,1,-132,3.5,0,0,"1.00"],[1,"normal",0,1,1,-124,237.3,0,0,"1.00"]],"index":24},{"eventStr":"","list":[[0,"normal",0,1,1,-132,3.5,0,0,"1.00"],[1,"normal",0,1,1,-124,237.3,0,0,"1.00"]],"index":25},{"eventStr":"","list":[[0,"normal",0,1,1,-132,3.5,0,0,"1.00"],[1,"normal",0,1,1,-124,237.3,0,0,"1.00"]],"index":26},{"eventStr":"","list":[[0,"normal",0,1,1,-132,3.5,0,0,"1.00"],[1,"normal",0,1,1,-124,237.3,0,0,"1.00"]],"index":27},{"eventStr":"","list":[[0,"normal",0,1,1,-132,3.5,0,0,"1.00"],[1,"normal",0,1,1,-124,237.3,0,0,"1.00"]],"index":28},{"eventStr":"","list":[[0,"normal",0,1,1,-132,3.5,0,0,"1.00"],[1,"normal",0,1,1,-124,237.3,0,0,"1.00"]],"index":29},{"eventStr":"","list":[[0,"normal",0,1,1,-132,3.5,0,0,"1.00"],[1,"normal",0,1,1,-124,237.3,0,0,"1.00"]],"index":30},{"eventStr":"","list":[[0,"normal",0,1,1,-132,3.5,0,0,"1.00"],[1,"normal",0,1,1,-124,237.3,0,0,"1.00"]],"index":31},{"eventStr":"","list":[[0,"normal",0,1,1,-132,3.5,0,0,"1.00"],[1,"normal",0,1,1,-124,237.3,0,0,"1.00"]],"index":32},{"eventStr":"","list":[[0,"normal",0,1,1,-132,3.5,0,0,"1.00"],[1,"normal",0,1,1,-124,237.3,0,0,"1.00"]],"index":33},{"eventStr":"","list":[[0,"normal",0,1,1,-132,3.5,0,0,"1.00"],[1,"normal",0,1,1,-124,237.3,0,0,"1.00"]],"index":34},{"eventStr":"","list":[[0,"normal",0,1,1,-132,3.5,0,0,"1.00"],[1,"normal",0,1,1,-124,237.3,0,0,"1.00"]],"index":35},{"eventStr":"","list":[[0,"normal",0,1,1,-132,3.5,0,0,"1.00"],[1,"normal",0,1,1,-124,237.3,0,0,"1.00"]],"index":36},{"eventStr":"","list":[[0,"normal",0,1,1,-132,3.5,0,0,"1.00"],[1,"normal",0,1,1,-124,237.3,0,0,"1.00"]],"index":37},{"eventStr":"","list":[[0,"normal",0,1,1,-132,3.5,0,0,"1.00"],[1,"normal",0,1,1,-124,237.3,0,0,"1.00"]],"index":38},{"eventStr":"","list":[[0,"normal",0,1,1,-132,3.5,0,0,"1.00"],[1,"normal",0,1,1,-124,237.3,0,0,"1.00"]],"index":39},{"eventStr":"","list":[[0,"normal",0,1,1,-132,3.5,0,0,"1.00"],[1,"normal",0,1,1,-124,237.3,0,0,"1.00"]],"index":40},{"eventStr":"","list":[[0,"normal",0,1,1,-132,3.5,0,0,"1.00"],[1,"normal",0,1,1,-124,237.3,0,0,"1.00"]],"index":41},{"eventStr":"","list":[[0,"normal",0,1,1,-132,3.5,0,0,"1.00"],[1,"normal",0,1,1,-124,237.3,0,0,"1.00"]],"index":42},{"eventStr":"","list":[[0,"normal",0,1,1,-132,3.5,0,0,"1.00"],[1,"normal",0,1,1,-124,237.3,0,0,"1.00"]],"index":43},{"eventStr":"","list":[[0,"normal",0,1,1,-132,3.5,0,0,"1.00"],[1,"normal",0,1,1,-124,237.3,0,0,"1.00"]],"index":44},{"eventStr":"","list":[[0,"normal",0,1,1,-132,3.5,0,0,"1.00"],[1,"normal",0,1,1,-124,237.3,0,0,"1.00"]],"index":45},{"eventStr":"","list":[[0,"normal",0,1,1,-132,3.5,0,0,"1.00"],[1,"normal",0,1,1,-124,237.3,0,0,"1.00"]],"index":46},{"eventStr":"","list":[[0,"normal",0,1,1,-132,3.5,0,0,"1.00"],[1,"normal",0,1,1,-124,237.3,0,0,"1.00"]],"index":47},{"eventStr":"","list":[[0,"normal",0,1,1,-132,3.5,0,0,"1.00"],[1,"normal",0,1,1,-124,237.3,0,0,"1.00"]],"index":48},{"eventStr":"","list":[[0,"normal",0,1,1,-132,3.5,0,0,"1.00"],[1,"normal",0,1,1,-124,237.3,0,0,"1.00"]],"index":49},{"eventStr":"","list":[[0,"normal",0,1,1,-132,3.5,0,0,"1.00"],[1,"normal",0,1,1,-124,237.3,0,0,"1.00"]],"index":50},{"eventStr":"","list":[[0,"normal",0,1,1,-132,3.5,0,0,"1.00"],[1,"normal",0,1,1,-124,237.3,0,0,"1.00"]],"index":51},{"eventStr":"","list":[[0,"normal",0,1,1,-132,3.5,0,0,"1.00"],[1,"normal",0,1,1,-124,237.3,0,0,"1.00"]],"index":52},{"eventStr":"","list":[[0,"normal",0,1,1,-132,3.5,0,0,"1.00"],[1,"normal",0,1,1,-124,237.3,0,0,"1.00"]],"index":53},{"eventStr":"","list":[[0,"normal",0,1,1,-132,3.5,0,0,"1.00"],[1,"normal",0,1,1,-124,237.3,0,0,"1.00"]],"index":54},{"eventStr":"","list":[[0,"normal",0,1,1,-132,3.5,0,0,"1.00"],[1,"normal",0,1,1,-124,237.3,0,0,"1.00"]],"index":55},{"eventStr":"","list":[[0,"normal",0,1,1,-132,3.5,0,0,"1.00"],[1,"normal",0,1,1,-124,237.3,0,0,"1.00"]],"index":56},{"eventStr":"","list":[[0,"normal",0,1,1,-132,3.5,0,0,"1.00"],[1,"normal",0,1,1,-124,237.3,0,0,"1.00"]],"index":57},{"eventStr":"","list":[[0,"normal",0,1,1,-132,3.5,0,0,"1.00"],[1,"normal",0,1,1,-124,237.3,0,0,"1.00"]],"index":58},{"eventStr":"","list":[[0,"normal",0,1,1,-132,3.5,0,0,"1.00"],[1,"normal",0,1,1,-124,237.3,0,0,"1.00"]],"index":59},{"eventStr":"","list":[[0,"normal",0,1,1,-132,3.5,0,0,"1.00"],[1,"normal",0,1,1,-124,237.3,0,0,"1.00"]],"index":60},{"eventStr":"","list":[[0,"normal",0,1,1,-132,3.5,0,0,"1.00"],[1,"normal",0,1,1,-124,237.3,0,0,"1.00"]],"index":61},{"eventStr":"","list":[[0,"normal",0,1,1,-132,3.5,0,0,"1.00"],[1,"normal",0,1,1,-124,237.3,0,0,"1.00"]],"index":62},{"eventStr":"","list":[[0,"normal",0,1,1,-132,3.5,0,0,"1.00"],[1,"normal",0,1,1,-124,237.3,0,0,"1.00"]],"index":63},{"eventStr":"","list":[[0,"normal",0,1,1,-132,3.5,0,0,"1.00"],[1,"normal",0,1,1,-124,237.3,0,0,"1.00"]],"index":64},{"eventStr":"","list":[[0,"normal",0,1,1,-132,3.5,0,0,"1.00"],[1,"normal",0,1,1,-124,237.3,0,0,"1.00"]],"index":65},{"eventStr":"","list":[[0,"normal",0,1,1,-132,3.5,0,0,"1.00"],[1,"normal",0,1,1,-124,237.3,0,0,"1.00"]],"index":66},{"eventStr":"","list":[[0,"normal",0,1,1,-132,3.5,0,0,"1.00"],[1,"normal",0,1,1,-124,237.3,0,0,"1.00"]],"index":67},{"eventStr":"","list":[[0,"normal",0,1,1,-132,3.5,0,0,"1.00"],[1,"normal",0,1,1,-124,237.3,0,0,"1.00"]],"index":68},{"eventStr":"","list":[[0,"normal",0,1,1,-132,3.5,0,0,"1.00"],[1,"normal",0,1,1,-124,237.3,0,0,"1.00"]],"index":69},{"eventStr":"","list":[[0,"normal",0,1,1,-132,3.5,0,0,"1.00"],[1,"normal",0,1,1,-124,237.3,0,0,"1.00"]],"index":70},{"eventStr":"","list":[[0,"normal",0,1,1,-132,3.5,0,0,"1.00"],[1,"normal",0,1,1,-124,237.3,0,0,"1.00"]],"index":71},{"eventStr":"","list":[[0,"normal",0,1,1,-132,3.5,0,0,"1.00"],[1,"normal",0,1,1,-124,237.3,0,0,"1.00"]],"index":72},{"eventStr":"","list":[[0,"normal",0,1,1,-132,3.5,0,0,"1.00"],[1,"normal",0,1,1,-124,237.3,0,0,"1.00"]],"index":73},{"eventStr":"","list":[[0,"normal",0,1,1,-132,3.5,0,0,"1.00"],[1,"normal",0,1,1,-124,237.3,0,0,"1.00"]],"index":74},{"eventStr":"","list":[[0,"normal",0,1,1,-132,3.5,0,0,"1.00"],[1,"normal",0,1,1,-124,237.3,0,0,"1.00"]],"index":75},{"eventStr":"","list":[[0,"normal",0,1,1,-132,3.5,0,0,"1.00"],[1,"normal",0,1,1,-124,237.3,0,0,"1.00"]],"index":76},{"eventStr":"","list":[[0,"normal",0,1,1,-132,3.5,0,0,"1.00"],[1,"normal",0,1,1,-124,237.3,0,0,"1.00"]],"index":77},{"eventStr":"","list":[[0,"normal",0,1,1,-132,3.5,0,0,"1.00"],[1,"normal",0,1,1,-124,237.3,0,0,"1.00"]],"index":78},{"eventStr":"","list":[[0,"normal",0,1,1,-132,3.5,0,0,"1.00"],[1,"normal",0,1,1,-124,237.3,0,0,"1.00"]],"index":79},{"eventStr":"","list":[[0,"normal",0,1,1,-132,3.5,0,0,"1.00"],[1,"normal",0,1,1,-124,237.3,0,0,"1.00"]],"index":80},{"eventStr":"","list":[[0,"normal",0,1,1,-132,3.5,0,0,"1.00"],[1,"normal",0,1,1,-124,237.3,0,0,"1.00"]],"index":81},{"eventStr":"","list":[[0,"normal",0,1,1,-132,3.5,0,0,"1.00"],[1,"normal",0,1,1,-124,237.3,0,0,"1.00"]],"index":82},{"eventStr":"","list":[[0,"normal",0,1,1,-132,3.5,0,0,"1.00"],[1,"normal",0,1,1,-124,237.3,0,0,"1.00"]],"index":83},{"eventStr":"","list":[[0,"normal",0,1,1,-132,3.5,0,0,"1.00"],[1,"normal",0,1,1,-124,237.3,0,0,"1.00"]],"index":84},{"eventStr":"","list":[[0,"normal",0,1,1,-132,3.5,0,0,"1.00"],[1,"normal",0,1,1,-124,237.3,0,0,"1.00"]],"index":85},{"eventStr":"","list":[[0,"normal",0,1,1,-132,3.5,0,0,"1.00"],[1,"normal",0,1,1,-124,237.3,0,0,"1.00"]],"index":86},{"eventStr":"","list":[[0,"normal",0,1,1,-132,3.5,0,0,"1.00"],[1,"normal",0,1,1,-124,237.3,0,0,"1.00"]],"index":87},{"eventStr":"","list":[[0,"normal",0,1,1,-132,3.5,0,0,"1.00"],[1,"normal",0,1,1,-124,237.3,0,0,"1.00"]],"index":88},{"eventStr":"","list":[[0,"normal",0,1,1,-132,3.5,0,0,"1.00"],[1,"normal",0,1,1,-124,237.3,0,0,"1.00"]],"index":89},{"eventStr":"","list":[[0,"normal",0,1,1,-132,3.5,0,0,"1.00"],[1,"normal",0,1,1,-124,237.3,0,0,"1.00"]],"index":90},{"eventStr":"","list":[[0,"normal",0,1,1,-132,3.5,0,0,"1.00"],[1,"normal",0,1,1,-124,237.3,0,0,"1.00"]],"index":91},{"eventStr":"","list":[[0,"normal",0,1,1,-132,3.5,0,0,"1.00"],[1,"normal",0,1,1,-124,237.3,0,0,"1.00"]],"index":92},{"eventStr":"","list":[[0,"normal",0,1,1,-132,3.5,0,0,"1.00"],[1,"normal",0,1,1,-124,237.3,0,0,"1.00"]],"index":93},{"eventStr":"","list":[[0,"normal",0,1,1,-132,3.5,0,0,"1.00"],[1,"normal",0,1,1,-124,237.3,0,0,"1.00"]],"index":94},{"eventStr":"","list":[[0,"normal",0,1,1,-132,3.5,0,0,"1.00"],[1,"normal",0,1,1,-124,237.3,0,0,"1.00"]],"index":95},{"eventStr":"","list":[[0,"normal",0,1,1,-132,3.5,0,0,"1.00"],[1,"normal",0,1,1,-124,237.3,0,0,"1.00"]],"index":96},{"eventStr":"","list":[[0,"normal",0,1,1,-132,3.5,0,0,"1.00"],[1,"normal",0,1,1,-124,237.3,0,0,"1.00"]],"index":97},{"eventStr":"","list":[[0,"normal",0,1,1,-132,3.5,0,0,"1.00"],[1,"normal",0,1,1,-124,237.3,0,0,"1.00"]],"index":98},{"eventStr":"","list":[[0,"normal",0,1,1,-132,3.5,0,0,"1.00"],[1,"normal",0,1,1,-124,237.3,0,0,"1.00"]],"index":99}],"mcConfig":{"ver":4,"totalFrames":99},"imageArr":["ji_bao2.png","ji_kai.png"]}