{"frames":[{"eventStr":"","list":[[0,"normal",0,0.47,0.47,-106.3,-143,0,0,"1.00",""]],"index":1},{"eventStr":"","list":[[0,"normal",0,0.65,0.65,-148.5,-200,0,0,"1.00",""]],"index":2},{"eventStr":"","list":[[0,"normal",0,0.84,0.84,-191,-257,0,0,"1.00",""]],"index":3},{"eventStr":"","list":[[0,"normal",0,1.02,1.02,-233.3,-314,0,0,"1.00",""]],"index":4},{"eventStr":"","list":[[0,"normal",0,1.21,1.21,-275.5,-371,0,0,"1.00",""]],"index":5},{"eventStr":"","list":[[0,"normal",0,1.17,1.17,-267.8,-360.3,0,0,"1.00",""]],"index":6},{"eventStr":"","list":[[0,"normal",0,1.14,1.14,-259.8,-349.8,0,0,"1.00",""]],"index":7},{"eventStr":"","list":[[0,"normal",0,1.1,1.1,-251.8,-339,0,0,"1.00",""]],"index":8},{"eventStr":"","list":[[0,"normal",0,1.07,1.07,-243.8,-328.3,0,0,"1.00",""]],"index":9},{"eventStr":"","list":[[0,"normal",0,1.03,1.03,-236,-317.8,0,0,"1.00",""]],"index":10},{"eventStr":"","list":[[0,"normal",0,1,1,-228,-307,0,0,"1.00",""],[1,"normal",0,1,1,297,-136,0,0,"1.00",""],[2,"normal",0,1,1,-783.8,0,0,0,"1.00",""]],"index":11},{"eventStr":"","list":[[0,"normal",0,1,1,-228,-307,0,0,"1.00",""],[1,"normal",0,1,1,179.5,-136,0,0,"1.00",""],[2,"normal",0,1,1,-663,0,0,0,"1.00",""]],"index":12},{"eventStr":"","list":[[0,"normal",0,1,1,-228,-307,0,0,"1.00",""],[1,"normal",0,1,1,62,-136,0,0,"1.00",""],[2,"normal",0,1,1,-542.5,0,0,0,"1.00",""]],"index":13},{"eventStr":"","list":[[0,"normal",0,1,1,-228,-307,0,0,"1.00",""],[1,"normal",0,1,1,-55.5,-136,0,0,"1.00",""],[2,"normal",0,1,1,-422,0,0,0,"1.00",""]],"index":14},{"eventStr":"","list":[[0,"normal",0,1,1,-228,-307,0,0,"1.00",""],[1,"normal",0,1,1,-173.3,-136,0,0,"1.00",""],[2,"normal",0,1,1,-301.5,0,0,0,"1.00",""]],"index":15},{"eventStr":"","list":[[0,"normal",0,1,1,-228,-307,0,0,"1.00",""],[1,"normal",0,1,1,-176.5,-136,0,0,"1.00",""],[2,"normal",0,1,1,-299.3,0,0,0,"1.00",""]],"index":16},{"eventStr":"","list":[[0,"normal",0,1,1,-228,-307,0,0,"1.00",""],[1,"normal",0,1,1,-179.8,-136,0,0,"1.00",""],[2,"normal",0,1,1,-296.8,0,0,0,"1.00",""]],"index":17},{"eventStr":"","list":[[0,"normal",0,1,1,-228,-307,0,0,"1.00",""],[1,"normal",0,1,1,-183,-136,0,0,"1.00",""],[2,"normal",0,1,1,-294.5,0,0,0,"1.00",""]],"index":18},{"eventStr":"","list":[[0,"normal",0,1,1,-228,-307,0,0,"1.00",""],[1,"normal",0,1,1,-186.3,-136,0,0,"1.00",""],[2,"normal",0,1,1,-292,0,0,0,"1.00",""]],"index":19},{"eventStr":"","list":[[0,"normal",0,1,1,-228,-307,0,0,"1.00",""],[1,"normal",0,1,1,-189.5,-136,0,0,"1.00",""],[2,"normal",0,1,1,-289.8,0,0,0,"1.00",""]],"index":20},{"eventStr":"","list":[[0,"normal",0,1,1,-228,-307,0,0,"1.00",""],[1,"normal",0,1,1,-192.8,-136,0,0,"1.00",""],[2,"normal",0,1,1,-287.3,0,0,0,"1.00",""]],"index":21},{"eventStr":"","list":[[0,"normal",0,1,1,-228,-307,0,0,"1.00",""],[1,"normal",0,1,1,-196,-136,0,0,"1.00",""],[2,"normal",0,1,1,-285,0,0,0,"1.00",""]],"index":22},{"eventStr":"","list":[[0,"normal",0,1,1,-228,-307,0,0,"1.00",""],[1,"normal",0,1,1,-199.3,-136,0,0,"1.00",""],[2,"normal",0,1,1,-282.8,0,0,0,"1.00",""]],"index":23},{"eventStr":"","list":[[0,"normal",0,1,1,-228,-307,0,0,"1.00",""],[1,"normal",0,1,1,-202.5,-136,0,0,"1.00",""],[2,"normal",0,1,1,-280.3,0,0,0,"1.00",""]],"index":24},{"eventStr":"","list":[[0,"normal",0,1,1,-228,-307,0,0,"1.00",""],[1,"normal",0,1,1,-206,-136,0,0,"1.00",""],[2,"normal",0,1,1,-278,0,0,0,"1.00",""]],"index":25},{"eventStr":"","list":[[0,"normal",0,1,1,-228,-307,0,0,"1.00",""],[1,"normal",0,1,1,-209.3,-136,0,0,"1.00",""],[2,"normal",0,1,1,-275.5,0,0,0,"1.00",""]],"index":26},{"eventStr":"","list":[[0,"normal",0,1,1,-228,-307,0,0,"1.00",""],[1,"normal",0,1,1,-212.5,-136,0,0,"1.00",""],[2,"normal",0,1,1,-273.3,0,0,0,"1.00",""]],"index":27},{"eventStr":"","list":[[0,"normal",0,1,1,-228,-307,0,0,"1.00",""],[1,"normal",0,1,1,-215.8,-136,0,0,"1.00",""],[2,"normal",0,1,1,-270.8,0,0,0,"1.00",""]],"index":28},{"eventStr":"","list":[[0,"normal",0,1,1,-228,-307,0,0,"1.00",""],[1,"normal",0,1,1,-219,-136,0,0,"1.00",""],[2,"normal",0,1,1,-268.5,0,0,0,"1.00",""]],"index":29},{"eventStr":"","list":[[0,"normal",0,1,1,-228,-307,0,0,"1.00",""],[1,"normal",0,1,1,-222.3,-136,0,0,"1.00",""],[2,"normal",0,1,1,-266,0,0,0,"1.00",""]],"index":30},{"eventStr":"","list":[[0,"normal",0,1,1,-228,-307,0,0,"1.00",""],[1,"normal",0,1,1,-225.5,-136,0,0,"1.00",""],[2,"normal",0,1,1,-263.8,0,0,0,"1.00",""]],"index":31},{"eventStr":"","list":[[0,"normal",0,1,1,-228,-307,0,0,"1.00",""],[1,"normal",0,1,1,-228.8,-136,0,0,"1.00",""],[2,"normal",0,1,1,-261.3,0,0,0,"1.00",""]],"index":32},{"eventStr":"","list":[[0,"normal",0,1,1,-228,-307,0,0,"1.00",""],[1,"normal",0,1,1,-232,-136,0,0,"1.00",""],[2,"normal",0,1,1,-259,0,0,0,"1.00",""]],"index":33},{"eventStr":"","list":[[0,"normal",0,1,1,-228,-307,0,0,"1.00",""],[1,"normal",0,1,1,-235.3,-136,0,0,"1.00",""],[2,"normal",0,1,1,-256.5,0,0,0,"1.00",""]],"index":34},{"eventStr":"","list":[[0,"normal",0,1,1,-228,-307,0,0,"1.00",""],[1,"normal",0,1,1,-238.5,-136,0,0,"1.00",""],[2,"normal",0,1,1,-254.3,0,0,0,"1.00",""]],"index":35},{"eventStr":"","list":[[0,"normal",0,1,1,-228,-307,0,0,"1.00",""],[1,"normal",0,1,1,-242,-136,0,0,"1.00",""],[2,"normal",0,1,1,-252,0,0,0,"1.00",""]],"index":36},{"eventStr":"","list":[[0,"normal",0,1,1,-228,-307,0,0,"1.00",""],[1,"normal",0,1,1,-245.3,-136,0,0,"1.00",""],[2,"normal",0,1,1,-249.5,0,0,0,"1.00",""]],"index":37},{"eventStr":"","list":[[0,"normal",0,1,1,-228,-307,0,0,"1.00",""],[1,"normal",0,1,1,-248.5,-136,0,0,"1.00",""],[2,"normal",0,1,1,-247.3,0,0,0,"1.00",""]],"index":38},{"eventStr":"","list":[[0,"normal",0,1,1,-228,-307,0,0,"1.00",""],[1,"normal",0,1,1,-251.8,-136,0,0,"1.00",""],[2,"normal",0,1,1,-244.8,0,0,0,"1.00",""]],"index":39},{"eventStr":"","list":[[0,"normal",0,1,1,-228,-307,0,0,"1.00",""],[1,"normal",0,1,1,-255,-136,0,0,"1.00",""],[2,"normal",0,1,1,-242.5,0,0,0,"1.00",""]],"index":40},{"eventStr":"","list":[[0,"normal",0,1,1,-228,-307,0,0,"1.00",""],[1,"normal",0,1,1,-258.3,-136,0,0,"1.00",""],[2,"normal",0,1,1,-240,0,0,0,"1.00",""]],"index":41},{"eventStr":"","list":[[0,"normal",0,1,1,-228,-307,0,0,"1.00",""],[1,"normal",0,1,1,-261.5,-136,0,0,"1.00",""],[2,"normal",0,1,1,-237.8,0,0,0,"1.00",""]],"index":42},{"eventStr":"","list":[[0,"normal",0,1,1,-228,-307,0,0,"1.00",""],[1,"normal",0,1,1,-264.8,-136,0,0,"1.00",""],[2,"normal",0,1,1,-235.3,0,0,0,"1.00",""]],"index":43},{"eventStr":"","list":[[0,"normal",0,1,1,-228,-307,0,0,"1.00",""],[1,"normal",0,1,1,-268,-136,0,0,"1.00",""],[2,"normal",0,1,1,-233,0,0,0,"1.00",""]],"index":44},{"eventStr":"","list":[[0,"normal",0,1,1,-228,-307,0,0,"1.00",""],[1,"normal",0,1,1,-271.3,-136,0,0,"1.00",""],[2,"normal",0,1,1,-230.5,0,0,0,"1.00",""]],"index":45},{"eventStr":"","list":[[0,"normal",0,1.11,1.11,-252.5,-340,0,0,"1.00",""],[1,"normal",0,1,1,-274.5,-136,0,0,"1.00",""],[2,"normal",0,1,1,-228.3,0,0,0,"1.00",""]],"index":46},{"eventStr":"","list":[[0,"normal",0,1.21,1.21,-277,-373,0,0,"1.00",""],[1,"normal",0,1,1,-278,-136,0,0,"1.00",""],[2,"normal",0,1,1,-225.8,0,0,0,"1.00",""]],"index":47},{"eventStr":"","list":[[0,"normal",0,1.04,1.04,-237.5,-319.8,0,0,"1.00",""],[1,"normal",0,1,1,-281.3,-136,0,0,"1.00",""],[2,"normal",0,1,1,-223.5,0,0,0,"1.00",""]],"index":48},{"eventStr":"","list":[[0,"normal",0,0.87,0.87,-198,-266.5,0,0,"1.00",""],[1,"normal",0,1,1,-406.8,-136,0,0,"1.00",""],[2,"normal",0,1,1,-94,0,0,0,"1.00",""]],"index":49},{"eventStr":"","list":[[0,"normal",0,0.69,0.69,-158.5,-213.3,0,0,"1.00",""],[1,"normal",0,1,1,-532.3,-136,0,0,"1.00",""],[2,"normal",0,1,1,35.5,0,0,0,"1.00",""]],"index":50},{"eventStr":"","list":[[0,"normal",0,0.52,0.52,-119,-160.3,0,0,"1.00",""],[1,"normal",0,1,1,-657.8,-136,0,0,"1.00",""],[2,"normal",0,1,1,165,0,0,0,"1.00",""]],"index":51},{"eventStr":"","list":[[0,"normal",0,0.35,0.35,-79.5,-107,0,0,"1.00",""],[1,"normal",0,1,1,-783.3,-136,0,0,"1.00",""],[2,"normal",0,1,1,294.8,0,0,0,"1.00",""],[3,"normal",0,0.21,0.21,-56,-91,0,0,"0.00",""],[4,"normal",0,0.24,0.24,-64.3,-20.8,0,0,"1.00",""],[5,"normal",0,0.24,0.24,-64.3,-93,0,0,"1.00",""]],"index":52},{"eventStr":"","list":[[3,"normal",0,0.37,0.37,-98.8,-160.5,0,0,"0.20",""],[4,"normal",0,0.39,0.39,-105.5,-23,0,0,"1.00",""],[5,"normal",0,0.39,0.39,-105.5,-162.3,0,0,"1.00",""]],"index":53},{"eventStr":"","list":[[3,"normal",0,0.52,0.52,-141.5,-230.3,0,0,"0.40",""],[4,"normal",0,0.54,0.54,-146.5,-25.3,0,0,"1.00",""],[5,"normal",0,0.54,0.54,-146.5,-231.3,0,0,"1.00",""]],"index":54},{"eventStr":"","list":[[3,"normal",0,0.68,0.68,-184.3,-299.8,0,0,"0.60",""],[4,"normal",0,0.7,0.7,-187.8,-27.5,0,0,"1.00",""],[5,"normal",0,0.7,0.7,-187.8,-300.8,0,0,"1.00",""]],"index":55},{"eventStr":"","list":[[3,"normal",0,0.84,0.84,-227.3,-369.5,0,0,"0.80",""],[4,"normal",0,0.85,0.85,-228.8,-29.8,0,0,"1.00",""],[5,"normal",0,0.85,0.85,-228.8,-369.8,0,0,"1.00",""]],"index":56},{"eventStr":"","list":[[3,"normal",0,1,1,-270,-439,0,0,"1.00",""],[4,"normal",0,1,1,-270,-32,0,0,"1.00",""],[5,"normal",0,1,1,-270,-439,0,0,"1.00",""]],"index":57},{"eventStr":"","list":[[3,"normal",0,1,1,-270,-439,0,0,"1.00",""],[4,"normal",0,1,1,-270,21,0,0,"1.00",""],[5,"normal",0,1,1,-270,-503.8,0,0,"1.00",""]],"index":58},{"eventStr":"","list":[[3,"normal",0,1,1,-270,-439,0,0,"1.00",""],[4,"normal",0,1,1,-270,74,0,0,"1.00",""],[5,"normal",0,1,1,-270,-568.5,0,0,"1.00",""]],"index":59},{"eventStr":"","list":[[3,"normal",0,1,1,-270,-439,0,0,"1.00",""],[4,"normal",0,1,1,-270,127,0,0,"1.00",""],[5,"normal",0,1,1,-270,-633,0,0,"1.00",""]],"index":60},{"eventStr":"","list":[[3,"normal",0,1,1,-270,-439,0,0,"1.00",""],[4,"normal",0,1,1,-270,180,0,0,"1.00",""],[5,"normal",0,1,1,-270,-697.8,0,0,"1.00",""]],"index":61},{"eventStr":"","list":[[3,"normal",0,1,1,-270,-439,0,0,"1.00",""],[4,"normal",0,1,1,-270,233,0,0,"1.00",""],[5,"normal",0,1,1,-270,-762.5,0,0,"1.00",""]],"index":62},{"eventStr":"","list":[[3,"normal",0,1,1,-270,-439,0,0,"1.00",""],[4,"normal",0,1,1,-270,286,0,0,"1.00",""],[5,"normal",0,1,1,-270,-827.3,0,0,"1.00",""]],"index":63},{"eventStr":"","list":[[3,"normal",0,1,1,-270,-439,0,0,"1.00",""],[4,"normal",0,1,1,-270,277.5,0,0,"1.00",""],[5,"normal",0,1,1,-270,-815.3,0,0,"1.00",""]],"index":64},{"eventStr":"","list":[[3,"normal",0,1,1,-270,-439,0,0,"1.00",""],[4,"normal",0,1,1,-270,268.8,0,0,"1.00",""],[5,"normal",0,1,1,-270,-803.3,0,0,"1.00",""]],"index":65},{"eventStr":"","list":[[3,"normal",0,1,1,-270,-439,0,0,"1.00",""],[4,"normal",0,1,1,-270,260,0,0,"1.00",""],[5,"normal",0,1,1,-270,-791,0,0,"1.00",""]],"index":66},{"eventStr":"","list":[[3,"normal",0,1,1,-270,-439,0,0,"1.00",""],[4,"normal",0,1,1,-270,251.5,0,0,"1.00",""],[5,"normal",0,1,1,-270,-779,0,0,"1.00",""]],"index":67},{"eventStr":"","list":[[3,"normal",0,1,1,-270,-439,0,0,"1.00",""],[4,"normal",0,1,1,-270,242.8,0,0,"1.00",""],[5,"normal",0,1,1,-270,-767,0,0,"1.00",""],[6,"normal",0,0.71,0.71,-140.3,-208.8,0,0,"1.00",""]],"index":68},{"eventStr":"","list":[[3,"normal",0,1,1,-270,-439,0,0,"1.00",""],[4,"normal",0,1,1,-270,234,0,0,"1.00",""],[5,"normal",0,1,1,-270,-755,0,0,"1.00",""],[6,"normal",0,0.82,0.82,-162.8,-213,0,0,"1.00",""]],"index":69},{"eventStr":"","list":[[3,"normal",0,1,1,-270,-439,0,0,"1.00",""],[4,"normal",0,1,1,-270,234,0,0,"1.00",""],[5,"normal",0,1,1,-270,-755,0,0,"1.00",""],[6,"normal",0,0.94,0.94,-185.3,-217.3,0,0,"1.00",""]],"index":70},{"eventStr":"","list":[[3,"normal",0,1,1,-270,-439,0,0,"1.00",""],[4,"normal",0,1,1,-270,234,0,0,"1.00",""],[5,"normal",0,1,1,-270,-755,0,0,"1.00",""],[6,"normal",0,1.05,1.05,-207.8,-221.8,0,0,"1.00",""]],"index":71},{"eventStr":"","list":[[3,"normal",0,1,1,-270,-439,0,0,"1.00",""],[4,"normal",0,1,1,-270,234,0,0,"1.00",""],[5,"normal",0,1,1,-270,-755,0,0,"1.00",""],[6,"normal",0,0.97,0.97,-192.3,-218.8,0,0,"1.00",""]],"index":72},{"eventStr":"","list":[[3,"normal",0,1,1,-270,-439,0,0,"1.00",""],[4,"normal",0,1,1,-270,234,0,0,"1.00",""],[5,"normal",0,1,1,-270,-755,0,0,"1.00",""],[6,"normal",0,0.89,0.89,-176.8,-215.8,0,0,"1.00",""]],"index":73},{"eventStr":"","list":[[3,"normal",0,1,1,-270,-439,0,0,"1.00",""],[4,"normal",0,1,1,-270,234,0,0,"1.00",""],[5,"normal",0,1,1,-270,-755,0,0,"1.00",""],[6,"normal",0,0.82,0.82,-161.3,-212.8,0,0,"1.00",""],[7,"normal",0,1,1,-171,-10,0,0,"0.00",""]],"index":74},{"eventStr":"","list":[[3,"normal",0,1,1,-270,-439,0,0,"1.00",""],[4,"normal",0,1,1,-270,234,0,0,"1.00",""],[5,"normal",0,1,1,-270,-755,0,0,"1.00",""],[6,"normal",0,0.74,0.74,-145.8,-209.8,0,0,"1.00",""],[7,"normal",0,1,1,-171,-7.3,0,0,"0.14",""]],"index":75},{"eventStr":"","list":[[3,"normal",0,1,1,-270,-439,0,0,"1.00",""],[4,"normal",0,1,1,-270,234,0,0,"1.00",""],[5,"normal",0,1,1,-270,-755,0,0,"1.00",""],[6,"normal",0,0.66,0.66,-130.3,-206.8,0,0,"1.00",""],[7,"normal",0,1,1,-171,-4.3,0,0,"0.29",""]],"index":76},{"eventStr":"","list":[[3,"normal",0,1,1,-270,-439,0,0,"1.00",""],[4,"normal",0,1,1,-270,234,0,0,"1.00",""],[5,"normal",0,1,1,-270,-755,0,0,"1.00",""],[6,"normal",0,0.66,0.66,-130.3,-206.8,0,0,"1.00",""],[7,"normal",0,1,1,-171,-1.5,0,0,"0.43",""]],"index":77},{"eventStr":"","list":[[3,"normal",0,1,1,-270,-439,0,0,"1.00",""],[4,"normal",0,1,1,-270,234,0,0,"1.00",""],[5,"normal",0,1,1,-270,-755,0,0,"1.00",""],[6,"normal",0,0.66,0.66,-130.3,-206.8,0,0,"1.00",""],[7,"normal",0,1,1,-171,1.5,0,0,"0.57",""]],"index":78},{"eventStr":"","list":[[3,"normal",0,1,1,-270,-439,0,0,"1.00",""],[4,"normal",0,1,1,-270,234,0,0,"1.00",""],[5,"normal",0,1,1,-270,-755,0,0,"1.00",""],[6,"normal",0,0.66,0.66,-130.3,-206.8,0,0,"1.00",""],[7,"normal",0,1,1,-171,4.3,0,0,"0.71",""]],"index":79},{"eventStr":"","list":[[3,"normal",0,1,1,-270,-439,0,0,"1.00",""],[4,"normal",0,1,1,-270,234,0,0,"1.00",""],[5,"normal",0,1,1,-270,-755,0,0,"1.00",""],[6,"normal",0,0.66,0.66,-130.3,-206.8,0,0,"1.00",""],[7,"normal",0,1,1,-171,7.3,0,0,"0.86",""]],"index":80},{"eventStr":"","list":[[3,"normal",0,1,1,-270,-439,0,0,"1.00",""],[4,"normal",0,1,1,-270,234,0,0,"1.00",""],[5,"normal",0,1,1,-270,-755,0,0,"1.00",""],[6,"normal",0,0.66,0.66,-130.3,-206.8,0,0,"1.00",""],[7,"normal",0,1,1,-171,10,0,0,"1.00",""]],"index":81},{"eventStr":"","list":[[3,"normal",0,1,1,-270,-439,0,0,"1.00",""],[4,"normal",0,1,1,-270,234,0,0,"1.00",""],[5,"normal",0,1,1,-270,-755,0,0,"1.00",""],[6,"normal",0,0.66,0.66,-130.3,-206.8,0,0,"1.00",""],[7,"normal",0,1,1,-171,10,0,0,"1.00",""]],"index":82},{"eventStr":"","list":[[3,"normal",0,1,1,-270,-439,0,0,"1.00",""],[4,"normal",0,1,1,-270,234,0,0,"1.00",""],[5,"normal",0,1,1,-270,-755,0,0,"1.00",""],[6,"normal",0,0.66,0.66,-130.3,-206.8,0,0,"1.00",""],[7,"normal",0,1,1,-171,10,0,0,"1.00",""]],"index":83},{"eventStr":"","list":[[3,"normal",0,1,1,-270,-439,0,0,"1.00",""],[4,"normal",0,1,1,-270,234,0,0,"1.00",""],[5,"normal",0,1,1,-270,-755,0,0,"1.00",""],[6,"normal",0,0.66,0.66,-130.3,-206.8,0,0,"1.00",""],[7,"normal",0,1,1,-171,10,0,0,"1.00",""]],"index":84},{"eventStr":"","list":[[3,"normal",0,1,1,-270,-439,0,0,"1.00",""],[4,"normal",0,1,1,-270,234,0,0,"1.00",""],[5,"normal",0,1,1,-270,-755,0,0,"1.00",""],[6,"normal",0,0.66,0.66,-130.3,-206.8,0,0,"1.00",""],[7,"normal",0,1,1,-171,10,0,0,"1.00",""]],"index":85},{"eventStr":"","list":[[3,"normal",0,1,1,-270,-439,0,0,"1.00",""],[4,"normal",0,1,1,-270,234,0,0,"1.00",""],[5,"normal",0,1,1,-270,-755,0,0,"1.00",""],[6,"normal",0,0.66,0.66,-130.3,-206.8,0,0,"1.00",""],[7,"normal",0,1,1,-171,10,0,0,"1.00",""]],"index":86},{"eventStr":"","list":[[3,"normal",0,1,1,-270,-439,0,0,"1.00",""],[4,"normal",0,1,1,-270,234,0,0,"1.00",""],[5,"normal",0,1,1,-270,-755,0,0,"1.00",""],[6,"normal",0,0.66,0.66,-130.3,-206.8,0,0,"1.00",""],[7,"normal",0,1,1,-171,10,0,0,"1.00",""]],"index":87},{"eventStr":"","list":[[3,"normal",0,1,1,-270,-439,0,0,"1.00",""],[4,"normal",0,1,1,-270,234,0,0,"1.00",""],[5,"normal",0,1,1,-270,-755,0,0,"1.00",""],[6,"normal",0,0.66,0.66,-130.3,-206.8,0,0,"1.00",""],[7,"normal",0,1,1,-171,10,0,0,"1.00",""]],"index":88},{"eventStr":"","list":[[3,"normal",0,1,1,-270,-439,0,0,"1.00",""],[4,"normal",0,1,1,-270,234,0,0,"1.00",""],[5,"normal",0,1,1,-270,-755,0,0,"1.00",""],[6,"normal",0,0.66,0.66,-130.3,-206.8,0,0,"1.00",""],[7,"normal",0,1,1,-171,10,0,0,"1.00",""]],"index":89},{"eventStr":"","list":[[3,"normal",0,1,1,-270,-439,0,0,"1.00",""],[4,"normal",0,1,1,-270,234,0,0,"1.00",""],[5,"normal",0,1,1,-270,-755,0,0,"1.00",""],[6,"normal",0,0.66,0.66,-130.3,-206.8,0,0,"1.00",""],[7,"normal",0,1,1,-171,10,0,0,"1.00",""]],"index":90},{"eventStr":"","list":[[3,"normal",0,1,1,-270,-439,0,0,"1.00",""],[4,"normal",0,1,1,-270,234,0,0,"1.00",""],[5,"normal",0,1,1,-270,-755,0,0,"1.00",""],[6,"normal",0,0.66,0.66,-130.3,-206.8,0,0,"1.00",""],[7,"normal",0,1,1,-171,10,0,0,"1.00",""]],"index":91},{"eventStr":"","list":[[3,"normal",0,1,1,-270,-439,0,0,"1.00",""],[4,"normal",0,1,1,-270,234,0,0,"1.00",""],[5,"normal",0,1,1,-270,-755,0,0,"1.00",""],[6,"normal",0,0.66,0.66,-130.3,-206.8,0,0,"1.00",""],[7,"normal",0,1,1,-171,10,0,0,"1.00",""]],"index":92},{"eventStr":"","list":[[3,"normal",0,1,1,-270,-439,0,0,"1.00",""],[4,"normal",0,1,1,-270,234,0,0,"1.00",""],[5,"normal",0,1,1,-270,-755,0,0,"1.00",""],[6,"normal",0,0.66,0.66,-130.3,-206.8,0,0,"1.00",""],[7,"normal",0,1,1,-171,10,0,0,"1.00",""]],"index":93},{"eventStr":"","list":[[3,"normal",0,1,1,-270,-439,0,0,"1.00",""],[4,"normal",0,1,1,-270,234,0,0,"1.00",""],[5,"normal",0,1,1,-270,-755,0,0,"1.00",""],[6,"normal",0,0.66,0.66,-130.3,-206.8,0,0,"1.00",""],[7,"normal",0,1,1,-171,10,0,0,"1.00",""]],"index":94},{"eventStr":"","list":[[3,"normal",0,1,1,-270,-439,0,0,"1.00",""],[4,"normal",0,1,1,-270,234,0,0,"1.00",""],[5,"normal",0,1,1,-270,-755,0,0,"1.00",""],[6,"normal",0,0.66,0.66,-130.3,-206.8,0,0,"1.00",""],[7,"normal",0,1,1,-171,10,0,0,"1.00",""]],"index":95},{"eventStr":"","list":[[3,"normal",0,1,1,-270,-439,0,0,"1.00",""],[4,"normal",0,1,1,-270,234,0,0,"1.00",""],[5,"normal",0,1,1,-270,-755,0,0,"1.00",""],[6,"normal",0,0.66,0.66,-130.3,-206.8,0,0,"1.00",""],[7,"normal",0,1,1,-171,10,0,0,"1.00",""]],"index":96},{"eventStr":"","list":[[3,"normal",0,1,1,-270,-439,0,0,"1.00",""],[4,"normal",0,1,1,-270,234,0,0,"1.00",""],[5,"normal",0,1,1,-270,-755,0,0,"1.00",""],[6,"normal",0,0.66,0.66,-130.3,-206.8,0,0,"1.00",""],[7,"normal",0,1,1,-171,10,0,0,"1.00",""]],"index":97},{"eventStr":"","list":[[3,"normal",0,1,1,-270,-439,0,0,"1.00",""],[4,"normal",0,1,1,-270,234,0,0,"1.00",""],[5,"normal",0,1,1,-270,-755,0,0,"1.00",""],[6,"normal",0,0.66,0.66,-130.3,-206.8,0,0,"1.00",""],[7,"normal",0,1,1,-171,10,0,0,"1.00",""]],"index":98},{"eventStr":"","list":[[3,"normal",0,1,1,-270,-439,0,0,"1.00",""],[4,"normal",0,1,1,-270,234,0,0,"1.00",""],[5,"normal",0,1,1,-270,-755,0,0,"1.00",""],[6,"normal",0,0.66,0.66,-130.3,-206.8,0,0,"1.00",""],[7,"normal",0,1,1,-171,10,0,0,"1.00",""]],"index":99},{"eventStr":"","list":[[3,"normal",0,1,1,-270,-439,0,0,"1.00",""],[4,"normal",0,1,1,-270,234,0,0,"1.00",""],[5,"normal",0,1,1,-270,-755,0,0,"1.00",""],[6,"normal",0,0.66,0.66,-130.3,-206.8,0,0,"1.00",""],[7,"normal",0,1,1,-171,10,0,0,"1.00",""]],"index":100},{"eventStr":"","list":[[3,"normal",0,1,1,-270,-439,0,0,"1.00",""],[4,"normal",0,1,1,-270,234,0,0,"1.00",""],[5,"normal",0,1,1,-270,-755,0,0,"1.00",""],[6,"normal",0,0.66,0.66,-130.3,-206.8,0,0,"1.00",""],[7,"normal",0,1,1,-171,10,0,0,"1.00",""]],"index":101},{"eventStr":"","list":[[3,"normal",0,1,1,-270,-439,0,0,"1.00",""],[4,"normal",0,1,1,-270,234,0,0,"1.00",""],[5,"normal",0,1,1,-270,-755,0,0,"1.00",""],[6,"normal",0,0.66,0.66,-130.3,-206.8,0,0,"1.00",""],[7,"normal",0,1,1,-171,10,0,0,"1.00",""]],"index":102},{"eventStr":"","list":[[3,"normal",0,1,1,-270,-439,0,0,"1.00",""],[4,"normal",0,1,1,-270,234,0,0,"1.00",""],[5,"normal",0,1,1,-270,-755,0,0,"1.00",""],[6,"normal",0,0.66,0.66,-130.3,-206.8,0,0,"1.00",""],[7,"normal",0,1,1,-171,10,0,0,"1.00",""]],"index":103},{"eventStr":"","list":[[3,"normal",0,1,1,-270,-439,0,0,"1.00",""],[4,"normal",0,1,1,-270,234,0,0,"1.00",""],[5,"normal",0,1,1,-270,-755,0,0,"1.00",""],[6,"normal",0,0.66,0.66,-130.3,-206.8,0,0,"1.00",""],[7,"normal",0,1,1,-171,10,0,0,"1.00",""]],"index":104},{"eventStr":"","list":[[3,"normal",0,1,1,-270,-439,0,0,"1.00",""],[4,"normal",0,1,1,-270,234,0,0,"1.00",""],[5,"normal",0,1,1,-270,-755,0,0,"1.00",""],[6,"normal",0,0.66,0.66,-130.3,-206.8,0,0,"1.00",""],[7,"normal",0,1,1,-171,10,0,0,"1.00",""]],"index":105},{"eventStr":"","list":[[3,"normal",0,1,1,-270,-439,0,0,"1.00",""],[4,"normal",0,1,1,-270,234,0,0,"1.00",""],[5,"normal",0,1,1,-270,-755,0,0,"1.00",""],[6,"normal",0,0.66,0.66,-130.3,-206.8,0,0,"1.00",""],[7,"normal",0,1,1,-171,10,0,0,"1.00",""]],"index":106},{"eventStr":"","list":[[3,"normal",0,1,1,-270,-439,0,0,"1.00",""],[4,"normal",0,1,1,-270,234,0,0,"1.00",""],[5,"normal",0,1,1,-270,-755,0,0,"1.00",""],[6,"normal",0,0.66,0.66,-130.3,-206.8,0,0,"1.00",""],[7,"normal",0,1,1,-171,10,0,0,"1.00",""]],"index":107},{"eventStr":"","list":[[3,"normal",0,1,1,-270,-439,0,0,"1.00",""],[4,"normal",0,1,1,-270,234,0,0,"1.00",""],[5,"normal",0,1,1,-270,-755,0,0,"1.00",""],[6,"normal",0,0.66,0.66,-130.3,-206.8,0,0,"1.00",""],[7,"normal",0,1,1,-171,10,0,0,"1.00",""]],"index":108},{"eventStr":"","list":[[3,"normal",0,1,1,-270,-439,0,0,"1.00",""],[4,"normal",0,1,1,-270,234,0,0,"1.00",""],[5,"normal",0,1,1,-270,-755,0,0,"1.00",""],[6,"normal",0,0.66,0.66,-130.3,-206.8,0,0,"1.00",""],[7,"normal",0,1,1,-171,10,0,0,"1.00",""]],"index":109},{"eventStr":"","list":[[3,"normal",0,1,1,-270,-439,0,0,"1.00",""],[4,"normal",0,1,1,-270,234,0,0,"1.00",""],[5,"normal",0,1,1,-270,-755,0,0,"1.00",""],[6,"normal",0,0.66,0.66,-130.3,-206.8,0,0,"1.00",""],[7,"normal",0,1,1,-171,10,0,0,"1.00",""]],"index":110},{"eventStr":"","list":[[3,"normal",0,1,1,-270,-439,0,0,"1.00",""],[4,"normal",0,1,1,-270,234,0,0,"1.00",""],[5,"normal",0,1,1,-270,-755,0,0,"1.00",""],[6,"normal",0,0.66,0.66,-130.3,-206.8,0,0,"1.00",""],[7,"normal",0,1,1,-171,10,0,0,"1.00",""]],"index":111},{"eventStr":"","list":[[3,"normal",0,1,1,-270,-439,0,0,"1.00",""],[4,"normal",0,1,1,-270,234,0,0,"1.00",""],[5,"normal",0,1,1,-270,-755,0,0,"1.00",""],[6,"normal",0,0.66,0.66,-130.3,-206.8,0,0,"1.00",""],[7,"normal",0,1,1,-171,10,0,0,"1.00",""]],"index":112},{"eventStr":"","list":[[3,"normal",0,1,1,-270,-439,0,0,"1.00",""],[4,"normal",0,1,1,-270,234,0,0,"1.00",""],[5,"normal",0,1,1,-270,-755,0,0,"1.00",""],[6,"normal",0,0.66,0.66,-130.3,-206.8,0,0,"1.00",""],[7,"normal",0,1,1,-171,10,0,0,"1.00",""]],"index":113},{"eventStr":"","list":[[3,"normal",0,1,1,-270,-439,0,0,"1.00",""],[4,"normal",0,1,1,-270,234,0,0,"1.00",""],[5,"normal",0,1,1,-270,-755,0,0,"1.00",""],[6,"normal",0,0.66,0.66,-130.3,-206.8,0,0,"1.00",""],[7,"normal",0,1,1,-171,10,0,0,"1.00",""]],"index":114},{"eventStr":"","list":[[3,"normal",0,1,1,-270,-439,0,0,"1.00",""],[4,"normal",0,1,1,-270,234,0,0,"1.00",""],[5,"normal",0,1,1,-270,-755,0,0,"1.00",""],[6,"normal",0,0.66,0.66,-130.3,-206.8,0,0,"1.00",""],[7,"normal",0,1,1,-171,10,0,0,"1.00",""]],"index":115},{"eventStr":"","list":[[3,"normal",0,1,1,-270,-439,0,0,"1.00",""],[4,"normal",0,1,1,-270,234,0,0,"1.00",""],[5,"normal",0,1,1,-270,-755,0,0,"1.00",""],[6,"normal",0,0.66,0.66,-130.3,-206.8,0,0,"1.00",""],[7,"normal",0,1,1,-171,10,0,0,"1.00",""]],"index":116},{"eventStr":"","list":[[3,"normal",0,1,1,-270,-439,0,0,"1.00",""],[4,"normal",0,1,1,-270,234,0,0,"1.00",""],[5,"normal",0,1,1,-270,-755,0,0,"1.00",""],[6,"normal",0,0.66,0.66,-130.3,-206.8,0,0,"1.00",""],[7,"normal",0,1,1,-171,10,0,0,"1.00",""]],"index":117},{"eventStr":"","list":[[3,"normal",0,1,1,-270,-439,0,0,"1.00",""],[4,"normal",0,1,1,-270,234,0,0,"1.00",""],[5,"normal",0,1,1,-270,-755,0,0,"1.00",""],[6,"normal",0,0.66,0.66,-130.3,-206.8,0,0,"1.00",""],[7,"normal",0,1,1,-171,10,0,0,"1.00",""]],"index":118},{"eventStr":"","list":[[3,"normal",0,1,1,-270,-439,0,0,"1.00",""],[4,"normal",0,1,1,-270,234,0,0,"1.00",""],[5,"normal",0,1,1,-270,-755,0,0,"1.00",""],[6,"normal",0,0.66,0.66,-130.3,-206.8,0,0,"1.00",""],[7,"normal",0,1,1,-171,10,0,0,"1.00",""]],"index":119},{"eventStr":"","list":[[3,"normal",0,1,1,-270,-439,0,0,"1.00",""],[4,"normal",0,1,1,-270,234,0,0,"1.00",""],[5,"normal",0,1,1,-270,-755,0,0,"1.00",""],[6,"normal",0,0.66,0.66,-130.3,-206.8,0,0,"1.00",""],[7,"normal",0,1,1,-171,10,0,0,"1.00",""]],"index":120},{"eventStr":"","list":[[3,"normal",0,1,1,-270,-439,0,0,"1.00",""],[4,"normal",0,1,1,-270,234,0,0,"1.00",""],[5,"normal",0,1,1,-270,-755,0,0,"1.00",""],[6,"normal",0,0.66,0.66,-130.3,-206.8,0,0,"1.00",""],[7,"normal",0,1,1,-171,10,0,0,"1.00",""]],"index":121},{"eventStr":"","list":[[3,"normal",0,1,1,-270,-439,0,0,"1.00",""],[4,"normal",0,1,1,-270,234,0,0,"1.00",""],[5,"normal",0,1,1,-270,-755,0,0,"1.00",""],[6,"normal",0,0.66,0.66,-130.3,-206.8,0,0,"1.00",""],[7,"normal",0,1,1,-171,10,0,0,"1.00",""]],"index":122},{"eventStr":"","list":[[3,"normal",0,1,1,-270,-439,0,0,"1.00",""],[4,"normal",0,1,1,-270,234,0,0,"1.00",""],[5,"normal",0,1,1,-270,-755,0,0,"1.00",""],[6,"normal",0,0.66,0.66,-130.3,-206.8,0,0,"1.00",""],[7,"normal",0,1,1,-171,10,0,0,"1.00",""]],"index":123},{"eventStr":"","list":[[3,"normal",0,1,1,-270,-439,0,0,"1.00",""],[4,"normal",0,1,1,-270,234,0,0,"1.00",""],[5,"normal",0,1,1,-270,-755,0,0,"1.00",""],[6,"normal",0,0.66,0.66,-130.3,-206.8,0,0,"1.00",""],[7,"normal",0,1,1,-171,10,0,0,"1.00",""]],"index":124},{"eventStr":"","list":[[3,"normal",0,1,1,-270,-439,0,0,"1.00",""],[4,"normal",0,1,1,-270,234,0,0,"1.00",""],[5,"normal",0,1,1,-270,-755,0,0,"1.00",""],[6,"normal",0,0.66,0.66,-130.3,-206.8,0,0,"1.00",""],[7,"normal",0,1,1,-171,10,0,0,"1.00",""]],"index":125},{"eventStr":"","list":[[3,"normal",0,1,1,-270,-439,0,0,"1.00",""],[4,"normal",0,1,1,-270,234,0,0,"1.00",""],[5,"normal",0,1,1,-270,-755,0,0,"1.00",""],[6,"normal",0,0.66,0.66,-130.3,-206.8,0,0,"1.00",""],[7,"normal",0,1,1,-171,10,0,0,"1.00",""]],"index":126},{"eventStr":"","list":[[3,"normal",0,1,1,-270,-439,0,0,"1.00",""],[4,"normal",0,1,1,-270,234,0,0,"1.00",""],[5,"normal",0,1,1,-270,-755,0,0,"1.00",""],[6,"normal",0,0.66,0.66,-130.3,-206.8,0,0,"1.00",""],[7,"normal",0,1,1,-171,10,0,0,"1.00",""]],"index":127},{"eventStr":"","list":[[3,"normal",0,1,1,-270,-439,0,0,"1.00",""],[4,"normal",0,1,1,-270,234,0,0,"1.00",""],[5,"normal",0,1,1,-270,-755,0,0,"1.00",""],[6,"normal",0,0.66,0.66,-130.3,-206.8,0,0,"1.00",""],[7,"normal",0,1,1,-171,10,0,0,"1.00",""]],"index":128},{"eventStr":"","list":[[3,"normal",0,1,1,-270,-439,0,0,"1.00",""],[4,"normal",0,1,1,-270,234,0,0,"1.00",""],[5,"normal",0,1,1,-270,-755,0,0,"1.00",""],[6,"normal",0,0.66,0.66,-130.3,-206.8,0,0,"1.00",""],[7,"normal",0,1,1,-171,10,0,0,"1.00",""]],"index":129},{"eventStr":"","list":[[3,"normal",0,1,1,-270,-439,0,0,"1.00",""],[4,"normal",0,1,1,-270,234,0,0,"1.00",""],[5,"normal",0,1,1,-270,-755,0,0,"1.00",""],[6,"normal",0,0.66,0.66,-130.3,-206.8,0,0,"1.00",""],[7,"normal",0,1,1,-171,10,0,0,"1.00",""]],"index":130},{"eventStr":"","list":[[3,"normal",0,1,1,-270,-439,0,0,"1.00",""],[4,"normal",0,1,1,-270,234,0,0,"1.00",""],[5,"normal",0,1,1,-270,-755,0,0,"1.00",""],[6,"normal",0,0.66,0.66,-130.3,-206.8,0,0,"1.00",""],[7,"normal",0,1,1,-171,10,0,0,"1.00",""]],"index":131},{"eventStr":"","list":[[3,"normal",0,1,1,-270,-439,0,0,"1.00",""],[4,"normal",0,1,1,-270,234,0,0,"1.00",""],[5,"normal",0,1,1,-270,-755,0,0,"1.00",""],[6,"normal",0,0.66,0.66,-130.3,-206.8,0,0,"1.00",""],[7,"normal",0,1,1,-171,10,0,0,"1.00",""]],"index":132},{"eventStr":"","list":[[3,"normal",0,1,1,-270,-439,0,0,"1.00",""],[4,"normal",0,1,1,-270,234,0,0,"1.00",""],[5,"normal",0,1,1,-270,-755,0,0,"1.00",""],[6,"normal",0,0.66,0.66,-130.3,-206.8,0,0,"1.00",""],[7,"normal",0,1,1,-171,10,0,0,"1.00",""]],"index":133},{"eventStr":"","list":[[3,"normal",0,1,1,-270,-439,0,0,"1.00",""],[4,"normal",0,1,1,-270,234,0,0,"1.00",""],[5,"normal",0,1,1,-270,-755,0,0,"1.00",""],[6,"normal",0,0.66,0.66,-130.3,-206.8,0,0,"1.00",""],[7,"normal",0,1,1,-171,10,0,0,"1.00",""]],"index":134},{"eventStr":"","list":[[3,"normal",0,1,1,-270,-439,0,0,"1.00",""],[4,"normal",0,1,1,-270,234,0,0,"1.00",""],[5,"normal",0,1,1,-270,-755,0,0,"1.00",""],[6,"normal",0,0.66,0.66,-130.3,-206.8,0,0,"1.00",""],[7,"normal",0,1,1,-171,10,0,0,"1.00",""]],"index":135},{"eventStr":"","list":[[3,"normal",0,1,1,-270,-439,0,0,"1.00",""],[4,"normal",0,1,1,-270,234,0,0,"1.00",""],[5,"normal",0,1,1,-270,-755,0,0,"1.00",""],[6,"normal",0,0.66,0.66,-130.3,-206.8,0,0,"1.00",""],[7,"normal",0,1,1,-171,10,0,0,"1.00",""]],"index":136},{"eventStr":"","list":[[3,"normal",0,1,1,-270,-439,0,0,"1.00",""],[4,"normal",0,1,1,-270,234,0,0,"1.00",""],[5,"normal",0,1,1,-270,-755,0,0,"1.00",""],[6,"normal",0,0.66,0.66,-130.3,-206.8,0,0,"1.00",""],[7,"normal",0,1,1,-171,10,0,0,"1.00",""]],"index":137},{"eventStr":"","list":[[3,"normal",0,1,1,-270,-439,0,0,"1.00",""],[4,"normal",0,1,1,-270,234,0,0,"1.00",""],[5,"normal",0,1,1,-270,-755,0,0,"1.00",""],[6,"normal",0,0.66,0.66,-130.3,-206.8,0,0,"1.00",""],[7,"normal",0,1,1,-171,10,0,0,"1.00",""]],"index":138},{"eventStr":"","list":[[3,"normal",0,1,1,-270,-439,0,0,"1.00",""],[4,"normal",0,1,1,-270,234,0,0,"1.00",""],[5,"normal",0,1,1,-270,-755,0,0,"1.00",""],[6,"normal",0,0.66,0.66,-130.3,-206.8,0,0,"1.00",""],[7,"normal",0,1,1,-171,10,0,0,"1.00",""]],"index":139},{"eventStr":"","list":[[3,"normal",0,1,1,-270,-439,0,0,"1.00",""],[4,"normal",0,1,1,-270,234,0,0,"1.00",""],[5,"normal",0,1,1,-270,-755,0,0,"1.00",""],[6,"normal",0,0.66,0.66,-130.3,-206.8,0,0,"1.00",""],[7,"normal",0,1,1,-171,10,0,0,"1.00",""]],"index":140},{"eventStr":"","list":[[3,"normal",0,1,1,-270,-439,0,0,"1.00",""],[4,"normal",0,1,1,-270,234,0,0,"1.00",""],[5,"normal",0,1,1,-270,-755,0,0,"1.00",""],[6,"normal",0,0.66,0.66,-130.3,-206.8,0,0,"1.00",""],[7,"normal",0,1,1,-171,10,0,0,"1.00",""]],"index":141},{"eventStr":"","list":[[3,"normal",0,1,1,-270,-439,0,0,"1.00",""],[4,"normal",0,1,1,-270,234,0,0,"1.00",""],[5,"normal",0,1,1,-270,-755,0,0,"1.00",""],[6,"normal",0,0.66,0.66,-130.3,-206.8,0,0,"1.00",""],[7,"normal",0,1,1,-171,10,0,0,"1.00",""]],"index":142},{"eventStr":"","list":[[3,"normal",0,1,1,-270,-439,0,0,"1.00",""],[4,"normal",0,1,1,-270,234,0,0,"1.00",""],[5,"normal",0,1,1,-270,-755,0,0,"1.00",""],[6,"normal",0,0.66,0.66,-130.3,-206.8,0,0,"1.00",""],[7,"normal",0,1,1,-171,10,0,0,"1.00",""]],"index":143},{"eventStr":"","list":[[3,"normal",0,1,1,-270,-439,0,0,"1.00",""],[4,"normal",0,1,1,-270,234,0,0,"1.00",""],[5,"normal",0,1,1,-270,-755,0,0,"1.00",""],[6,"normal",0,0.66,0.66,-130.3,-206.8,0,0,"1.00",""],[7,"normal",0,1,1,-171,10,0,0,"1.00",""]],"index":144},{"eventStr":"","list":[[3,"normal",0,1,1,-270,-439,0,0,"1.00",""],[4,"normal",0,1,1,-270,234,0,0,"1.00",""],[5,"normal",0,1,1,-270,-755,0,0,"1.00",""],[6,"normal",0,0.66,0.66,-130.3,-206.8,0,0,"1.00",""],[7,"normal",0,1,1,-171,10,0,0,"1.00",""]],"index":145},{"eventStr":"","list":[[3,"normal",0,1,1,-270,-439,0,0,"1.00",""],[4,"normal",0,1,1,-270,234,0,0,"1.00",""],[5,"normal",0,1,1,-270,-755,0,0,"1.00",""],[6,"normal",0,0.66,0.66,-130.3,-206.8,0,0,"1.00",""],[7,"normal",0,1,1,-171,10,0,0,"1.00",""]],"index":146},{"eventStr":"","list":[[3,"normal",0,1,1,-270,-439,0,0,"1.00",""],[4,"normal",0,1,1,-270,234,0,0,"1.00",""],[5,"normal",0,1,1,-270,-755,0,0,"1.00",""],[6,"normal",0,0.66,0.66,-130.3,-206.8,0,0,"1.00",""],[7,"normal",0,1,1,-171,10,0,0,"1.00",""]],"index":147},{"eventStr":"","list":[[3,"normal",0,1,1,-270,-439,0,0,"1.00",""],[4,"normal",0,1,1,-270,234,0,0,"1.00",""],[5,"normal",0,1,1,-270,-755,0,0,"1.00",""],[6,"normal",0,0.66,0.66,-130.3,-206.8,0,0,"1.00",""],[7,"normal",0,1,1,-171,10,0,0,"1.00",""]],"index":148},{"eventStr":"","list":[[3,"normal",0,1,1,-270,-439,0,0,"1.00",""],[4,"normal",0,1,1,-270,234,0,0,"1.00",""],[5,"normal",0,1,1,-270,-755,0,0,"1.00",""],[6,"normal",0,0.66,0.66,-130.3,-206.8,0,0,"1.00",""],[7,"normal",0,1,1,-171,10,0,0,"1.00",""]],"index":149},{"eventStr":"","list":[[3,"normal",0,1,1,-270,-439,0,0,"1.00",""],[4,"normal",0,1,1,-270,234,0,0,"1.00",""],[5,"normal",0,1,1,-270,-755,0,0,"1.00",""],[6,"normal",0,0.66,0.66,-130.3,-206.8,0,0,"1.00",""],[7,"normal",0,1,1,-171,10,0,0,"1.00",""]],"index":150},{"eventStr":"","list":[[3,"normal",0,1,1,-270,-439,0,0,"1.00",""],[4,"normal",0,1,1,-270,234,0,0,"1.00",""],[5,"normal",0,1,1,-270,-755,0,0,"1.00",""],[6,"normal",0,0.66,0.66,-130.3,-206.8,0,0,"1.00",""],[7,"normal",0,1,1,-171,10,0,0,"1.00",""]],"index":151},{"eventStr":"","list":[[3,"normal",0,1,1,-270,-439,0,0,"1.00",""],[4,"normal",0,1,1,-270,234,0,0,"1.00",""],[5,"normal",0,1,1,-270,-755,0,0,"1.00",""],[6,"normal",0,0.66,0.66,-130.3,-206.8,0,0,"1.00",""],[7,"normal",0,1,1,-171,10,0,0,"1.00",""]],"index":152},{"eventStr":"","list":[[3,"normal",0,1,1,-270,-439,0,0,"1.00",""],[4,"normal",0,1,1,-270,234,0,0,"1.00",""],[5,"normal",0,1,1,-270,-755,0,0,"1.00",""],[6,"normal",0,0.66,0.66,-130.3,-206.8,0,0,"1.00",""],[7,"normal",0,1,1,-171,10,0,0,"1.00",""]],"index":153},{"eventStr":"","list":[[3,"normal",0,1,1,-270,-439,0,0,"1.00",""],[4,"normal",0,1,1,-270,234,0,0,"1.00",""],[5,"normal",0,1,1,-270,-755,0,0,"1.00",""],[6,"normal",0,0.66,0.66,-130.3,-206.8,0,0,"1.00",""],[7,"normal",0,1,1,-171,10,0,0,"1.00",""]],"index":154},{"eventStr":"","list":[[3,"normal",0,1,1,-270,-439,0,0,"1.00",""],[4,"normal",0,1,1,-270,234,0,0,"1.00",""],[5,"normal",0,1,1,-270,-755,0,0,"1.00",""],[6,"normal",0,0.66,0.66,-130.3,-206.8,0,0,"1.00",""],[7,"normal",0,1,1,-171,10,0,0,"1.00",""]],"index":155},{"eventStr":"","list":[[3,"normal",0,1,1,-270,-439,0,0,"1.00",""],[4,"normal",0,1,1,-270,234,0,0,"1.00",""],[5,"normal",0,1,1,-270,-755,0,0,"1.00",""],[6,"normal",0,0.66,0.66,-130.3,-206.8,0,0,"1.00",""],[7,"normal",0,1,1,-171,10,0,0,"1.00",""]],"index":156},{"eventStr":"","list":[[3,"normal",0,1,1,-270,-439,0,0,"1.00",""],[4,"normal",0,1,1,-270,234,0,0,"1.00",""],[5,"normal",0,1,1,-270,-755,0,0,"1.00",""],[6,"normal",0,0.66,0.66,-130.3,-206.8,0,0,"1.00",""],[7,"normal",0,1,1,-171,10,0,0,"1.00",""]],"index":157},{"eventStr":"","list":[[3,"normal",0,1,1,-270,-439,0,0,"1.00",""],[4,"normal",0,1,1,-270,234,0,0,"1.00",""],[5,"normal",0,1,1,-270,-755,0,0,"1.00",""],[6,"normal",0,0.66,0.66,-130.3,-206.8,0,0,"1.00",""],[7,"normal",0,1,1,-171,10,0,0,"1.00",""]],"index":158},{"eventStr":"","list":[[3,"normal",0,1,1,-270,-439,0,0,"1.00",""],[4,"normal",0,1,1,-270,234,0,0,"1.00",""],[5,"normal",0,1,1,-270,-755,0,0,"1.00",""],[6,"normal",0,0.66,0.66,-130.3,-206.8,0,0,"1.00",""],[7,"normal",0,1,1,-171,10,0,0,"1.00",""]],"index":159},{"eventStr":"","list":[[3,"normal",0,1,1,-270,-439,0,0,"1.00",""],[4,"normal",0,1,1,-270,234,0,0,"1.00",""],[5,"normal",0,1,1,-270,-755,0,0,"1.00",""],[6,"normal",0,0.66,0.66,-130.3,-206.8,0,0,"1.00",""],[7,"normal",0,1,1,-171,10,0,0,"1.00",""]],"index":160},{"eventStr":"","list":[[3,"normal",0,1,1,-270,-439,0,0,"1.00",""],[4,"normal",0,1,1,-270,234,0,0,"1.00",""],[5,"normal",0,1,1,-270,-755,0,0,"1.00",""],[6,"normal",0,0.66,0.66,-130.3,-206.8,0,0,"1.00",""],[7,"normal",0,1,1,-171,10,0,0,"1.00",""]],"index":161},{"eventStr":"","list":[[3,"normal",0,1,1,-270,-439,0,0,"1.00",""],[4,"normal",0,1,1,-270,234,0,0,"1.00",""],[5,"normal",0,1,1,-270,-755,0,0,"1.00",""],[6,"normal",0,0.66,0.66,-130.3,-206.8,0,0,"1.00",""],[7,"normal",0,1,1,-171,10,0,0,"1.00",""]],"index":162},{"eventStr":"","list":[[3,"normal",0,1,1,-270,-439,0,0,"1.00",""],[4,"normal",0,1,1,-270,234,0,0,"1.00",""],[5,"normal",0,1,1,-270,-755,0,0,"1.00",""],[6,"normal",0,0.66,0.66,-130.3,-206.8,0,0,"1.00",""],[7,"normal",0,1,1,-171,10,0,0,"1.00",""]],"index":163},{"eventStr":"","list":[[3,"normal",0,1,1,-270,-439,0,0,"1.00",""],[4,"normal",0,1,1,-270,234,0,0,"1.00",""],[5,"normal",0,1,1,-270,-755,0,0,"1.00",""],[6,"normal",0,0.66,0.66,-130.3,-206.8,0,0,"1.00",""],[7,"normal",0,1,1,-171,10,0,0,"1.00",""]],"index":164},{"eventStr":"","list":[[3,"normal",0,1,1,-270,-439,0,0,"1.00",""],[4,"normal",0,1,1,-270,234,0,0,"1.00",""],[5,"normal",0,1,1,-270,-755,0,0,"1.00",""],[6,"normal",0,0.66,0.66,-130.3,-206.8,0,0,"1.00",""],[7,"normal",0,1,1,-171,10,0,0,"1.00",""]],"index":165},{"eventStr":"","list":[[3,"normal",0,1,1,-270,-439,0,0,"1.00",""],[4,"normal",0,1,1,-270,234,0,0,"1.00",""],[5,"normal",0,1,1,-270,-755,0,0,"1.00",""],[6,"normal",0,0.66,0.66,-130.3,-206.8,0,0,"1.00",""],[7,"normal",0,1,1,-171,10,0,0,"1.00",""]],"index":166},{"eventStr":"","list":[[3,"normal",0,1,1,-270,-439,0,0,"1.00",""],[4,"normal",0,1,1,-270,234,0,0,"1.00",""],[5,"normal",0,1,1,-270,-755,0,0,"1.00",""],[6,"normal",0,0.66,0.66,-130.3,-206.8,0,0,"1.00",""],[7,"normal",0,1,1,-171,10,0,0,"1.00",""]],"index":167},{"eventStr":"","list":[[3,"normal",0,1,1,-270,-439,0,0,"1.00",""],[4,"normal",0,1,1,-270,234,0,0,"1.00",""],[5,"normal",0,1,1,-270,-755,0,0,"1.00",""],[6,"normal",0,0.66,0.66,-130.3,-206.8,0,0,"1.00",""],[7,"normal",0,1,1,-171,10,0,0,"1.00",""]],"index":168},{"eventStr":"","list":[[3,"normal",0,1,1,-270,-439,0,0,"1.00",""],[4,"normal",0,1,1,-270,234,0,0,"1.00",""],[5,"normal",0,1,1,-270,-755,0,0,"1.00",""],[6,"normal",0,0.66,0.66,-130.3,-206.8,0,0,"1.00",""],[7,"normal",0,1,1,-171,10,0,0,"1.00",""]],"index":169},{"eventStr":"","list":[[3,"normal",0,1,1,-270,-439,0,0,"1.00",""],[4,"normal",0,1,1,-270,234,0,0,"1.00",""],[5,"normal",0,1,1,-270,-755,0,0,"1.00",""],[6,"normal",0,0.66,0.66,-130.3,-206.8,0,0,"1.00",""],[7,"normal",0,1,1,-171,10,0,0,"1.00",""]],"index":170},{"eventStr":"","list":[[3,"normal",0,1,1,-270,-439,0,0,"1.00",""],[4,"normal",0,1,1,-270,234,0,0,"1.00",""],[5,"normal",0,1,1,-270,-755,0,0,"1.00",""],[6,"normal",0,0.66,0.66,-130.3,-206.8,0,0,"1.00",""],[7,"normal",0,1,1,-171,10,0,0,"1.00",""]],"index":171}],"imageArr":["yw_bg.png","bfl.png","zjl.png","peng_hongbao_3.png","peng_hongbao_2.png","peng_hongbao_1.png","gongxi.png","zhuanru.png"],"mcConfig":{"totalFrames":171,"ver":4}}