{"frames":[{"eventStr":"","list":[[0,"normal",0,1,1,-103.5,-54.5,0,0,"0.00",""]],"index":1},{"eventStr":"","list":[[0,"normal",0,1,1,-103.5,-53,0,0,"0.14",""]],"index":2},{"eventStr":"","list":[[0,"normal",0,1,1,-103.5,-51.8,0,0,"0.29",""]],"index":3},{"eventStr":"","list":[[0,"normal",0,1,1,-103.5,-50.3,0,0,"0.43",""]],"index":4},{"eventStr":"","list":[[0,"normal",0,1,1,-103.5,-48.8,0,0,"0.57",""]],"index":5},{"eventStr":"","list":[[0,"normal",0,1,1,-103.5,-47.3,0,0,"0.71",""]],"index":6},{"eventStr":"","list":[[0,"normal",0,1,1,-103.5,-46,0,0,"0.86",""]],"index":7},{"eventStr":"","list":[[0,"normal",0,1,1,-103.5,-44.5,0,0,"1.00",""]],"index":8}],"mcConfig":{"totalFrames":8,"ver":4},"imageArr":["btn_tx.png"]}